Kode Barang,Warna,   AS,   S,  M, L, XL, XXL,06,08,10,21,22,23,24,25,26,27,28,29,30,31,32,33,34,35,36,37,38,39,40,41,42,43,44
ADC 002,SGB,,,31,12,19,,,,,,,,,,,,,,,,,,,,,,,,,,,,
ADC 008,SGB,,,7,18,9,,,,,,,,,,,,,,,,,,,,,,,,,,,,
ADC 013,SGB,,,7,10,12,,,,,,,,,,,,,,,,,,,,,,,,,,,,
ADC 039,SGB,,,20,13,3,,,,,,,,,,,,,,,,,,,,,,,,,,,,
ADC 050,SGB,,,8,9,,,,,,,,,,,,,,,,,,,,,,,,,,,,,
ADC 051,SGB,,,14,10,,,,,,,,,,,,,,,,,,,,,,,,,,,,,
ADC 070,SGB,,,11,11,17,,,,,,,,,,,,,,,,,,,,,,,,,,,,
ADC 403,SGB,,,,5,13,,,,,,,,,,,,,,,,,,,,,,,,,,,,
ADC 404,SGB,,,,21,34,,,,,,,,,,,,,,,,,,,,,,,,,,,,
ADC 407,SGB,28,,,,,,,,,,,,,,,,,,,,,,,,,,,,,,,,
ADC 414,SGB,,,20,27,,,,,,,,,,,,,,,,,,,,,,,,,,,,,
AFC 823,SGB,1,,,,,,,,,,,,,,,,,,,,,,,,,,,,,,,,
AFC 827,SGB,16,,,,,,,,,,,,,,,,,,,,,,,,,,,,,,,,
AFC 828,SGB,16,,,,,,,,,,,,,,,,,,,,,,,,,,,,,,,,
AHC 504,SGB,,,15,16,,,,,,,,,,,,,,,,,,,,,,,,,,,,,
AHC 505,SGB,,,27,19,,,,,,,,,,,,,,,,,,,,,,,,,,,,,
AHC 506,SGB,,,6,7,,,,,,,,,,,,,,,,,,,,,,,,,,,,,
AHC 511,SGB,,,14,11,,,,,,,,,,,,,,,,,,,,,,,,,,,,,
AHC 512,SGB,,,18,15,,,,,,,,,,,,,,,,,,,,,,,,,,,,,
AIC 222,SGB,,,,,,,,,,,,,,,,,,,,,,,,,,,3,2,2,1,4,6,
AIC 224,SGB,,,,,,,,,,,,,,,,,,,,,,,,,,,6,4,3,7,2,5,
AIC 225,SGB,,,,,,,,,,,,,,,,,,,,,,,,,9,8,10,11,9,,,,
AIC 227,SGB,,,,,,,,,,,,,,,,,,,,,,,,,,,4,5,4,2,6,7,
AIC 228,SGB,,,,,,,,,,,,,,,,,,,,,,,,,,,4,6,2,5,4,7,
AIC 229,SGB,,,,,,,,,,,,,,,,,,,,,,,,,,,4,5,2,3,2,4,
AIC 230,SGB,,,,,,,,,,,,,,,,,,,,,,,,,,,2,3,3,1,3,3,
AKC 720,SGB,11,,,,,,,,,,,,,,,,,,,,,,,,,,,,,,,,
AKC 721,SGB,23,,,,,,,,,,,,,,,,,,,,,,,,,,,,,,,,
AKC 722,SGB,13,,,,,,,,,,,,,,,,,,,,,,,,,,,,,,,,
AKC 723,SGB,30,,,,,,,,,,,,,,,,,,,,,,,,,,,,,,,,
AKC 724,SGB,23,,,,,,,,,,,,,,,,,,,,,,,,,,,,,,,,
AKC 725,SGB,10,,,,,,,,,,,,,,,,,,,,,,,,,,,,,,,,
AKC 726,SGB,18,,,,,,,,,,,,,,,,,,,,,,,,,,,,,,,,
ALC 724,SGB,,,9,5,,,,,,,,,,,,,,,,,,,,,,,,,,,,,
ALC 730,SGB,19,,,,,,,,,,,,,,,,,,,,,,,,,,,,,,,,
AMC 462,SGB,17,,,,,,,,,,,,,,,,,,,,,,,,,,,,,,,,
AMC 469,SGB,53,,,,,,,,,,,,,,,,,,,,,,,,,,,,,,,,
ANC 001,SGB,,,7,2,5,,,,,,,,,,,,,,,,,,,,,,,,,,,,
AOC 021,SGB,,,,,,,,,,,,,,,,,,,,,,,,,2,5,5,4,5,,,,
AOC 022,SGB,,,,,,,,,,,,,,,,,,,,,,,,,1,6,5,1,6,,,,
AOC 023,SGB,,,,,,,,,,,,,,,,,,,,,,,,,2,2,3,7,7,,,,
AOC 024,SGB,,,,,,,,,,,,,,,,,,,,,,,,,6,3,7,5,0,,,,
AOC 025,SGB,,,,,,,,,,,,,,,,,,,,,,,,,4,1,1,2,1,,,,
AWC 115,SGB,,,,,,,,,,,,,,,,,,,,,,,,,,,2,3,4,4,4,3,
AWC 119,SGB,,,,,,,,,,,,,,,,,,,,,,,,,,,3,4,4,4,3,3,
AWC 127,SGB,,,,,,,,,,,,,,,,,,,,4,4,2,3,2,4,2,,,,,,,
AWC 128,SGB,,,,,,,,,,,,,,,,,,,3,4,3,4,3,1,,,,,,,,,
AYC 833,SGB,,,,,,,,,,,,,,,,,,,,,,,,,,,7,6,6,6,7,4,
AYC 835,SGB,,,,,,,,,,,,,,,,,,,,,,,,,,,4,5,5,1,4,2,
AYC 837,SGB,,,,,,,,,,,,,,,,,,,,,,,,,,,3,4,8,8,6,2,
AYC 838,SGB,,,,,,,,,,,,,,,,,,,,,,,,,,,4,5,7,3,2,4,
AYC 839,SGB,,,,,,,,,,,,,,,,,,,,,,,,,,,3,6,5,3,4,2,
AYC 840,SGB,,,,,,,,,,,,,,,,,,,,,,,,,,,7,5,7,6,6,5,
AYC 841,SGB,,,,,,,,,,,,,,,,,,,,,,,,,,8,7,8,9,6,3,4,
AYC 842,SGB,,,,,,,,,,,,,,,,,,,,,,,,,,,4,4,8,6,5,1,
AYC 845,SGB,,,,,,,,,,,,,,,,,,,,,,,,,,,3,5,5,6,3,4,
BBC 393,SGB,,,,,,,,,,,,,,,,,,,,,,,,,5,7,3,4,5,,,,
BBC 398,SGB,,,,,,,,,,,,,,,4,2,7,8,6,4,5,6,7,9,,,,,,,,,
BBC 407,SGB,,,,,,,,,,,,,,,,,,,8,6,9,6,7,7,,,,,,,,,
BBC 408,SGB,,,,,,,,,,,,,,,,,,,1,6,4,3,4,5,,,,,,,,,
BBC 410,SGB,,,,,,,,,,,,,,,,,,,0,1,3,5,9,5,,,,,,,,,
BBC 412,SGB,,,,,,,,,,,,,,,,,,,,,,,,,5,3,0,5,0,,,,
BBC 414,SGB,,,,,,,,,,,,,,,3,4,2,6,2,,,,,,,,,,,,,,
BBC 415,SGB,,,,,,,,,,,,,,,4,0,2,3,3,,,,,,,,,,,,,,
BBC 416,SGB,,,,,,,,,,,,,,,,,,5,4,3,3,0,5,2,,,,,,,,,
BBC 417,SGB,,,,,,,,,,,,,,,,,,,,3,1,3,3,4,,,,,,,,,
BBC 418,SGB,,,,,,,,,,,,,,,,,,,1,0,2,2,2,4,,,,,,,,,
BBC 419,SGB,,,,,,,,,,,,,,,,,,,3,4,2,3,2,0,,,,,,,,,
BCC 021,SGB,,,,,,,,,,,,,,,,,,,,,,,,,3,4,2,1,2,,,,
BCC 800,SGB,,,,,,,,,,,,,,,,,,,,,,,,,3,3,2,1,5,,,,
BCC 801,SGB,,,,,,,,,,,,,,,,,,,,,,,,,6,5,8,8,9,,,,
BCC 802,SGB,,,,,,,,,,,,,,,,,,,,,,,,,3,4,5,6,1,,,,
BCC 806,SGB,,,,,,,,,,,,,,,,,,,,,,,,,3,5,5,6,7,,,,
BCC 818,SGB,,,,,,,,,,,,,,,,,,,,,,,,,7,6,9,10,9,,,,
BCC 829,SGB,,,,,,,,,,,,,,,,,,,,,,,,,7,6,4,9,3,,,,
BCC 838,SGB,,,,,,,,,,,,,,,,,,,,,,,,,3,0,7,6,8,,,,
BCC 843,SGB,,,,,,,,,,,,,,,,,,,,,,,,,4,3,4,6,9,,,,
BCC 844,SGB,,,,,,,,,,,,,,,,,,,,,,,,,4,2,5,4,4,,,,
BCC 847,SGB,,,,,,,,,,,,,,,,,,,,,,,,,3,9,7,8,6,,,,
BCC 848,SGB,,,,,,,,,,,,,,,,,,,,,,,,,7,8,9,7,2,,,,
BCC 849,SGB,,,,,,,,,,,,,,,,,,,,,,,,,4,3,5,4,3,,,,
BCC 850,SGB,,,,,,,,,,,,,,,,,,,,,,,,,4,6,9,4,2,,,,
BCC 854,SGB,,,,,,,,,,,,,,,,,,,,,,,,,4,4,6,3,5,,,,
BCC 856,SGB,,,,,,,,,,,,,,,,,,,,,,,,,1,2,6,5,4,,,,
BCC 857,SGB,,,,,,,,,,,,,,,,,,,,,,,,,2,4,5,4,1,,,,
BCC 858,SGB,,,,,,,,,,,,,,,,,,,,,,,,,0,3,1,0,2,,,,
BCC 859,SGB,,,,,,,,,,,,,,,,,,,,,,,,,2,2,0,0,0,,,,
BCC 860,SGB,,,,,,,,,,,,,,,,,,,,,,,,,2,5,4,2,2,,,,
BCC 861,SGB,,,,,,,,,,,,,,,,,,,,,,,,,5,2,3,2,3,,,,
BCC 862,SGB,,,,,,,,,,,,,,,,,,,,,,,,,2,2,3,3,3,,,,
BCC 863,SGB,,,,,,,,,,,,,,,,,,,,,,,,,3,4,3,4,2,,,,
BCC 864,SGB,,,,,,,,,,,,,,,,,,,,,,,,,1,4,5,3,5,,,,
BCC 865,SGB,,,,,,,,,,,,,,,,,,,,,,,,,0,1,1,0,0,,,,
BEC 100,SGB,,,,,,,,,,,,,,,,,,,,,,,,,,,2,4,5,2,4,6,
BEC 101,SGB,,,,,,,,,,,,,,,,,,,,,3,8,7,8,6,3,,,,,,,
BEC 102,SGB,,,,,,,,,,,,,,,,,,,,,3,3,3,4,4,8,,,,,,,
BEC 103,SGB,,,,,,,,,,,,,,,,,,,,4,2,4,3,2,1,3,,,,,,,
BEC 104,SGB,,,,,,,,,,,,,,,,,,,,5,4,5,5,6,4,1,,,,,,,
BHC 240,SGB,,,,,,,,,,4,7,6,7,8,8,,,,,,,,,,,,,,,,,,
BHC 241,SGB,,,,,,,,,,2,6,3,4,5,2,,,,,,,,,,,,,,,,,,
BHC 242,SGB,,,,,,,,,,,,,,,3,6,5,4,7,,,,,,,,,,,,,,
BHC 246,SGB,,,,,,,,,,,,,,,,,,,4,5,8,4,6,6,,,,,,,,,
BMC 571,SGB,,,,,,,,,,,,,,,,,,,,,,,,,,,5,3,11,10,4,3,
BMC 572,SGB,,,,,,,,,,,,,,,,,,,,,,,,,,,2,4,5,5,4,7,
BRC 405,SGB,,,22,19,,,,,,,,,,,,,,,,,,,,,,,,,,,,,
BRC 602,SGB,,,3,2,,,,,,,,,,,,,,,,,,,,,,,,,,,,,
BRC 607,SGB,,,36,18,,,,,,,,,,,,,,,,,,,,,,,,,,,,,
BRC 613,SGB,,,4,13,,,,,,,,,,,,,,,,,,,,,,,,,,,,,
BRC 615,SGB,,,19,17,,,,,,,,,,,,,,,,,,,,,,,,,,,,,
BSC 208,SGB,,,,,,,,,,,,,,,,,,,,,,,,,,,,4,6,7,4,6,9
BSC 209,SGB,,,,,,,,,,,,,,,,,,,,,,,,,,,,5,6,6,7,6,4
BSC 210,SGB,,,,,,,,,,,,,,,,,,,,,,,,,,,,1,0,0,1,7,4
BSC 700,SGB,,,,,,,,,,,,,,,,,,,,,,,,,,,4,14,10,11,5,4,
BSC 701,SGB,,,,,,,,,,,,,,,,,,,,,,,,,,,4,6,2,7,4,6,
BSC 702,SGB,,,,,,,,,,,,,,,,,,,,,,,,,,,3,6,7,7,6,4,
BSC 703,SGB,,,,,,,,,,,,,,,,,,,,,,,,,,,5,4,10,9,6,4,
BSC 704,SGB,,,,,,,,,,,,,,,,,,,,,,,,,,,4,5,8,5,5,4,
BSC 705,SGB,,,,,,,,,,,,,,,,,,,,,,,,,,,5,5,8,2,2,5,
BSC 706,SGB,,,,,,,,,,,,,,,,,,,,,,,,,,,5,7,11,8,3,6,
BSC 708,SGB,,,,,,,,,,,,,,,,,,,,,,,,,,,7,9,7,5,3,3,
BSC 709,SGB,,,,,,,,,,,,,,,,,,,,,,,,,,,6,9,4,4,7,1,
BSC 711,SGB,,,,,,,,,,,,,,,,,,,,,,,,,,,3,3,6,5,3,4,
BSC 712,SGB,,,,,,,,,,,,,,,,,,,,,,,,,,,1,7,7,4,3,4,
BSC 720,SGB,,,,,,,,,,,,,,,,,,,,,,,,,,,3,3,5,6,4,3,
BSC 723,SGB,,,,,,,,,,,,,,,,,,,,,,,,,,,4,5,5,6,5,5,
BSC 724,SGB,,,,,,,,,,,,,,,,,,,,,,,,,,,4,5,3,6,4,1,
BSC 726,SGB,,,,,,,,,,,,,,,,,,,,,,,,,,,4,3,6,3,4,10,
BSC 727,SGB,,,,,,,,,,,,,,,,,,,,,,,,,,,2,5,6,5,7,4,
BSC 728,SGB,,,,,,,,,,,,,,,,,,,,,,,,,,,3,5,6,4,6,4,
BSC 729,SGB,,,,,,,,,,,,,,,,,,,,,,,,,,,5,5,3,6,2,2,
BSC 734,SGB,,,,,,,,,,,,,,,,,,,,,,,,,,,4,4,6,6,7,5,
BSC 735,SGB,,,,,,,,,,,,,,,,,,,,,,,,,,,1,3,6,7,4,4,
BSC 740,SGB,,,,,,,,,,,,,,,,,,,,,,,,,,,4,5,5,4,5,4,
BSC 741,SGB,,,,,,,,,,,,,,,,,,,,,,,,,,,3,8,6,7,4,4,
BSC 743,SGB,,,,,,,,,,,,,,,,,,,,,,,,,,,6,4,5,5,8,3,
BSC 744,SGB,,,,,,,,,,,,,,,,,,,,,,,,,,,4,8,5,7,6,5,
BSC 745,SGB,,,,,,,,,,,,,,,,,,,,,,,,,,,4,6,6,9,7,4,
BSC 746,SGB,,,,,,,,,,,,,,,,,,,,,,,,,,,2,2,3,4,2,5,
BSC 747,SGB,,,,,,,,,,,,,,,,,,,,,,,,,,,5,4,4,7,4,4,
BSC 748,SGB,,,,,,,,,,,,,,,,,,,,,,,,,,,2,6,10,6,4,5,
BSC 749,SGB,,,,,,,,,,,,,,,,,,,,,,,,,,,2,3,4,5,4,3,
BSC 750,SGB,,,,,,,,,,,,,,,,,,,,,,,,,,,5,5,5,8,6,5,
BSC 751,SGB,,,,,,,,,,,,,,,,,,,,,,,,,,,4,5,6,6,6,2,
BSC 752,SGB,,,,,,,,,,,,,,,,,,,,,,,,,,,3,4,4,5,3,3,
BSC 753,SGB,,,,,,,,,,,,,,,,,,,,,,,,,,,3,6,5,6,4,5,
BSC 754,SGB,,,,,,,,,,,,,,,,,,,,,,,,,,,3,4,5,4,3,2,
BSC 755,SGB,,,,,,,,,,,,,,,,,,,,,,,,,,,4,3,7,5,6,4,
BSC 756,SGB,,,,,,,,,,,,,,,,,,,,,,,,,,,7,7,3,1,1,4,
BSC 757,SGB,,,,,,,,,,,,,,,,,,,,,,,,,,,6,7,6,8,5,5,
BSC 758,SGB,,,,,,,,,,,,,,,,,,,,,,,,,,,4,4,6,4,5,4,
BSC 759,SGB,,,,,,,,,,,,,,,,,,,,,,,,,,,4,5,4,4,4,2,
BSC 760,SGB,,,,,,,,,,,,,,,,,,,,,,,,,,,4,5,4,6,3,4,
BSC 810,SGB,,,,,,,,,,,,,,,,,,,,,,,,,,,4,2,3,1,6,5,
BSC 811,SGB,,,,,,,,,,,,,,,,,,,,,,,,,,,4,4,3,1,3,4,
BSC 813,SGB,,,,,,,,,,,,,,,,,,,,,,,,,,,4,10,7,4,7,4,
BSC 815,SGB,,,,,,,,,,,,,,,,,,,,,,,,,,,5,4,4,3,3,0,
BSC 816,SGB,,,,,,,,,,,,,,,,,,,,,,,,,,,4,7,7,5,4,4,
BTC 067,SGB,37,,,,,,,,,,,,,,,,,,,,,,,,,,,,,,,,
BTC 079,SGB,30,,,,,,,,,,,,,,,,,,,,,,,,,,,,,,,,
BTC 080,SGB,59,,,,,,,,,,,,,,,,,,,,,,,,,,,,,,,,
BTC 090,SGB,71,,,,,,,,,,,,,,,,,,,,,,,,,,,,,,,,
BTC 093,SGB,26,,,,,,,,,,,,,,,,,,,,,,,,,,,,,,,,
BTC 131,SGB,60,,,,,,,,,,,,,,,,,,,,,,,,,,,,,,,,
BTC 132,SGB,26,,,,,,,,,,,,,,,,,,,,,,,,,,,,,,,,
BTC 136,SGB,42,,,,,,,,,,,,,,,,,,,,,,,,,,,,,,,,
BTC 804,SGB,31,,,,,,,,,,,,,,,,,,,,,,,,,,,,,,,,
BTC 816,SGB,24,,,,,,,,,,,,,,,,,,,,,,,,,,,,,,,,
BTC 818,SGB,70,,,,,,,,,,,,,,,,,,,,,,,,,,,,,,,,
BTC 819,SGB,12,,,,,,,,,,,,,,,,,,,,,,,,,,,,,,,,
BTC 821,SGB,1,,,,,,,,,,,,,,,,,,,,,,,,,,,,,,,,
BTC 822,SGB,29,,,,,,,,,,,,,,,,,,,,,,,,,,,,,,,,
BTC 823,SGB,26,,,,,,,,,,,,,,,,,,,,,,,,,,,,,,,,
BTC 824,SGB,8,,,,,,,,,,,,,,,,,,,,,,,,,,,,,,,,
BTC 825,SGB,31,,,,,,,,,,,,,,,,,,,,,,,,,,,,,,,,
BTC 826,SGB,19,,,,,,,,,,,,,,,,,,,,,,,,,,,,,,,,
BTC 827,SGB,27,,,,,,,,,,,,,,,,,,,,,,,,,,,,,,,,
CBC 701,SGB,,,,,,,,,,,,,,,,,,,,,,,,,5,5,4,2,4,,,,
CBC 705,SGB,,,,,,,,,,,,,,,,,,,,,,,,,3,3,2,3,0,,,,
CNC 392,SGB,,,,,,,,,,,,,,,,,,,,5,2,11,1,6,14,,,,,,,,
CNC 393,SGB,,,,,,,,,,,,,,,,,,,,3,4,8,6,11,11,,,,,,,,
CNC 394,SGB,,,,,,,,,,,,,,,,,,,,4,13,5,8,4,3,,,,,,,,
CNC 395,SGB,,,,,,,,,,,,,,,,,,,,0,1,5,3,4,6,,,,,,,,
CNC 397,SGB,,,,,,,,,,,,,,,,,,,,,7,3,4,6,3,,,,,,,,
CNC 400,SGB,,,,,,,,,,,,,,,,,,,,8,4,10,7,7,7,,,,,,,,
CNC 403,SGB,,,,,,,,,,,,,,,,,,,,-1,-1,2,2,4,2,,,,,,,,
CNC 408,SGB,,,,,,,,,,,,,,,,,,,,1,7,6,5,4,6,,,,,,,,
CNC 410,SGB,,,,,,,,,,,,,,,,,,,,2,3,3,4,1,,,,,,,,,
CPC 804,SGB,24,,,,,,,,,,,,,,,,,,,,,,,,,,,,,,,,
CPC 810,SGB,20,,,,,,,,,,,,,,,,,,,,,,,,,,,,,,,,
CPC 811,SGB,2,,,,,,,,,,,,,,,,,,,,,,,,,,,,,,,,
CPC 818,SGB,58,,,,,,,,,,,,,,,,,,,,,,,,,,,,,,,,
CPC 819,SGB,19,,,,,,,,,,,,,,,,,,,,,,,,,,,,,,,,
CPC 820,SGB,41,,,,,,,,,,,,,,,,,,,,,,,,,,,,,,,,
DAC 877,SGB,57,,,,,,,,,,,,,,,,,,,,,,,,,,,,,,,,
DAC 878,SGB,28,,,,,,,,,,,,,,,,,,,,,,,,,,,,,,,,
DAC 879,SGB,12,,,,,,,,,,,,,,,,,,,,,,,,,,,,,,,,
DAC 880,SGB,49,,,,,,,,,,,,,,,,,,,,,,,,,,,,,,,,
DAC 881,SGB,34,,,,,,,,,,,,,,,,,,,,,,,,,,,,,,,,
DNC 909,SGB,46,,,,,,,,,,,,,,,,,,,,,,,,,,,,,,,,
DOC 201,SGB,,,,,,,,,,,,,,,,,,,,,,,,,3,4,6,4,4,,,,
DOC 205,SGB,,,,,,,,,,,,,,,,,,,,,,,,,2,4,4,1,1,,,,
DOC 206,SGB,,,,,,,,,,,,,,,,,,,,,,,,,4,2,5,8,3,,,,
DOC 210,SGB,,,,,,,,,,,,,,,,,,,,,,,,,4,4,7,4,5,,,,
DRC 412,SGB,,,,,,,,,,,,,,,,,,,,,,,,,,,5,8,3,8,4,3,
DRC 413,SGB,,,,,,,,,,,,,,,,,,,,,,,,,,,2,4,8,7,6,5,
DRC 415,SGB,,,,,,,,,,,,,,,,,,,,,,,,,,,7,6,7,6,6,3,
DRC 416,SGB,,,,,,,,,,,,,,,,,,,,,6,7,7,6,6,5,,,,,,,
DRC 417,SGB,,,,,,,,,,,,,,,,,,,,,10,4,6,10,10,5,,,,,,,
DRC 418,SGB,,,,,,,,,,,,,,,,,,,,,,,,,,,8,3,9,9,4,5,
DRC 419,SGB,,,,,,,,,,,,,,,,,,,,,,,,,,,2,7,1,0,4,3,
DRC 420,SGB,,,,,,,,,,,,,,,,,,,,,,,,,,,4,4,8,8,4,6,
DRC 421,SGB,,,,,,,,,,,,,,,,,,,,,,,,,,,5,2,4,4,10,4,
DVC 920,SGB,,,,,,,,,,,,,,,,,,,,,,,,,,,5,7,7,5,4,3,
DVC 921,SGB,,,,,,,,,,,,,,,,,,,,,,,,,,,4,0,2,3,7,4,
DVC 922,SGB,,,,,,,,,,,,,,,,,,,,,,,,,,,2,3,1,2,4,3,
DVC 923,SGB,,,,,,,,,,,,,,,,,,,,,,,,,,,3,4,4,6,5,2,
DVC 924,SGB,,,,,,,,,,,,,,,,,,,,,,,,,,,6,9,6,8,8,2,
DVC 925,SGB,,,,,,,,,,,,,,,,,,,,,,,,,,,4,6,1,2,3,4,
DVC 926,SGB,,,,,,,,,,,,,,,,,,,,,,,,,,,1,3,3,3,3,2,
DWC 251,SGB,31,,,,,,,,,,,,,,,,,,,,,,,,,,,,,,,,
DWC 257,SGB,18,,,,,,,,,,,,,,,,,,,,,,,,,,,,,,,,
DWC 258,SGB,23,,,,,,,,,,,,,,,,,,,,,,,,,,,,,,,,
DWC 259,SGB,31,,,,,,,,,,,,,,,,,,,,,,,,,,,,,,,,
DWC 260,SGB,40,,,,,,,,,,,,,,,,,,,,,,,,,,,,,,,,
DWC 261,SGB,33,,,,,,,,,,,,,,,,,,,,,,,,,,,,,,,,
DWC 262,SGB,17,,,,,,,,,,,,,,,,,,,,,,,,,,,,,,,,
EIC 001,SGB,,,,,,,,,,,,,,,,,0,3,3,4,7,,,,,,,,,,,,
EIC 002,SGB,,,,,,,,,,,,,,,,,4,7,5,7,5,,,,,,,,,,,,
EIC 003,SGB,,,,,,,,,,,,,,,,,4,6,7,8,4,,,,,,,,,,,,
ESC 222,SGB,41,,,,,,,,,,,,,,,,,,,,,,,,,,,,,,,,
FAC 505,SGB,51,,,,,,,,,,,,,,,,,,,,,,,,,,,,,,,,
FAC 523,SGB,23,,,,,,,,,,,,,,,,,,,,,,,,,,,,,,,,
FAC 524,SGB,21,,,,,,,,,,,,,,,,,,,,,,,,,,,,,,,,
FAC 525,SGB,47,,,,,,,,,,,,,,,,,,,,,,,,,,,,,,,,
FAC 527,SGB,12,,,,,,,,,,,,,,,,,,,,,,,,,,,,,,,,
FAC 528,SGB,17,,,,,,,,,,,,,,,,,,,,,,,,,,,,,,,,
FAC 529,SGB,18,,,,,,,,,,,,,,,,,,,,,,,,,,,,,,,,
FFC 113,SGB,20,,,,,,,,,,,,,,,,,,,,,,,,,,,,,,,,
FFC 253,SGB,,,19,18,,,,,,,,,,,,,,,,,,,,,,,,,,,,,
FFC 254,SGB,,,,,,,11,6,,,,,,,,,,,,,,,,,,,,,,,,,
FFC 255,SGB,,,,,,,15,14,,,,,,,,,,,,,,,,,,,,,,,,,
FFC 258,SGB,0,,,,,,,,,,,,,,,,,,,,,,,,,,,,,,,,
FFC 260,SGB,17,,,,,,,,,,,,,,,,,,,,,,,,,,,,,,,,
FFC 464,SGB,27,,,,,,,,,,,,,,,,,,,,,,,,,,,,,,,,
FIC 221,SGB,24,,,,,,,,,,,,,,,,,,,,,,,,,,,,,,,,
FIC 222,SGB,23,,,,,,,,,,,,,,,,,,,,,,,,,,,,,,,,
FIC 223,SGB,36,,,,,,,,,,,,,,,,,,,,,,,,,,,,,,,,
FZC 136,SGB,,,10,15,,,,,,,,,,,,,,,,,,,,,,,,,,,,,
FZC 178,SGB,,,11,11,,,,,,,,,,,,,,,,,,,,,,,,,,,,,
FZC 179,SGB,,,24,23,,,,,,,,,,,,,,,,,,,,,,,,,,,,,
FZC 180,SGB,,,14,11,,,,,,,,,,,,,,,,,,,,,,,,,,,,,
GAC 580,SGB,,,,,,,,,,,,,,,,,,,,,,,,,4,3,2,3,1,,,,
GAC 631,SGB,,,,,,,,,,,,,,,,,,,,,,,,,5,6,2,5,5,,,,
GAC 632,SGB,,,,,,,,,,,,,,,,,,,,,,,,,2,4,8,5,4,,,,
GAC 635,SGB,,,,,,,,,,,,,,,,,,,,,,,,,4,4,7,1,3,,,,
GAC 636,SGB,,,,,,,,,,,,,,,,,,,,,,,,,3,8,2,5,6,,,,
GAC 638,SGB,,,,,,,,,,,,,,,,,,,,,,,,,5,4,2,9,5,,,,
GAC 639,SGB,,,,,,,,,,,,,,,,,,,,,,,,,2,6,3,4,10,,,,
GAC 640,SGB,,,,,,,,,,,,,,,,,,,,,,,,,7,5,0,8,5,,,,
GAC 641,SGB,,,,,,,,,,,,,,,,,,,,,,,,,3,4,4,5,3,,,,
GAC 642,SGB,,,,,,,,,,,,,,,,,,,,,,,,,4,5,5,1,1,,,,
GAC 643,SGB,,,,,,,,,,,,,,,,,,,,,,,,,4,0,8,1,13,,,,
GAC 644,SGB,,,,,,,,,,,,,,,,,,,,,,,,,6,4,6,6,2,,,,
GAC 645,SGB,,,,,,,,,,,,,,,,,,,,,,,,,2,4,6,3,4,,,,
GAC 655,SGB,,,,,,,,,,,,,,,,,,,,,,,,,4,3,4,4,3,,,,
GAC 656,SGB,,,,,,,,,,,,,,,,,,,,,,,,,2,5,4,4,3,,,,
GAC 664,SGB,,,,,,,,,,,,,,,,,,,,,,,,,4,2,6,5,6,,,,
GAC 665,SGB,,,,,,,,,,,,,,,,,,,,,,,,,4,2,0,3,1,,,,
GAC 681,SGB,,,,,,,,,,,,,,,,,,,,,,,,,4,9,2,2,3,,,,
GGC 142,SGB,,,0,5,11,,,,,,,,,,,,,,,,,,,,,,,,,,,,
GIC 717,SGB,,,,,,,,,,,,,,,,,,,,,,,,,,,2,8,6,8,3,7,
GIC 719,SGB,,,,,,,,,,,,,,,,,,,,,,,,,,,6,5,2,4,4,5,
GIC 720,SGB,,,,,,,,,,,,,,,,,,,,,,,,,,,5,3,3,2,8,4,
GIC 723,SGB,,,,,,,,,,,,,,,,,,,,4,4,6,4,7,,,,,,,,,
GIC 724,SGB,,,,,,,,,,,,,,,,,,,,,1,8,5,2,3,5,,,,,,,
GIC 725,SGB,,,,,,,,,,,,,,,,,,,,,,,,,,,4,5,2,6,5,5,
GIC 726,SGB,,,,,,,,,,,,,,,,,,,,,,,,,,,3,5,5,4,4,5,
GIC 727,SGB,,,,,,,,,,,,,,,,,,,,,,,,,,,3,4,14,5,5,7,
GIC 728,SGB,,,,,,,,,,,,,,,,,,,,,,,,,,,4,6,6,6,3,6,
GIC 729,SGB,,,,,,,,,,,,,,,,,,,,,,,,,,,6,5,2,5,4,3,
GIC 730,SGB,,,,,,,,,,,,,,,,,,,,,4,4,7,3,4,5,,,,,,,
GRC 601,SGB,,,,,,,,,,,,,,,,,,,,,,,,,,,,5,5,5,5,2,
GRC 602,SGB,,,,,,,,,,,,,,,,,,,,,,,,,,,,4,7,7,6,7,
GRC 603,SGB,,,,,,,,,,,,,,,,,,,,,,,,,,,,5,6,8,6,6,
GRC 604,SGB,,,,,,,,,,,,,,,,,,,,,,,,,,,,2,5,4,4,4,
GRC 605,SGB,,,,,,,,,,,,,,,,,,,,,,,,,,,,11,4,3,3,5,
GRC 606,SGB,,,,,,,,,,,,,,,,,,,,,,,,,,,,4,4,4,4,3,
GSC 001,SGB,,,,,,,,,,,,,,,,,,,,,,,,,,,3,3,5,6,3,,
GSC 002,SGB,,,,,,,,,,,,,,,,,,,,,,,,,,,4,4,5,6,4,,
GYC 371,SGB,40,,,,,,,,,,,,,,,,,,,,,,,,,,,,,,,,
GYC 372,SGB,21,,,,,,,,,,,,,,,,,,,,,,,,,,,,,,,,
GYC 373,SGB,89,,,,,,,,,,,,,,,,,,,,,,,,,,,,,,,,
GYC 376,SGB,69,,,,,,,,,,,,,,,,,,,,,,,,,,,,,,,,
GYC 377,SGB,14,,,,,,,,,,,,,,,,,,,,,,,,,,,,,,,,
GYC 378,SGB,33,,,,,,,,,,,,,,,,,,,,,,,,,,,,,,,,
GYC 380,SGB,22,,,,,,,,,,,,,,,,,,,,,,,,,,,,,,,,
GYC 381,SGB,19,,,,,,,,,,,,,,,,,,,,,,,,,,,,,,,,
GYC 383,SGB,10,,,,,,,,,,,,,,,,,,,,,,,,,,,,,,,,
HCC 025,SGB,1,,,,,,,,,,,,,,,,,,,,,,,,,,,,,,,,
HCC 032,SGB,0,,,,,,,,,,,,,,,,,,,,,,,,,,,,,,,,
HCC 051,SGB,19,,,,,,,,,,,,,,,,,,,,,,,,,,,,,,,,
HEC 250,SGB,,,,,,,,,,,,,,,,,,,,,,,,,7,9,8,8,8,,,,
HEC 251,SGB,,,,,,,,,,,,,,,,,,,,,,,,,3,4,5,6,5,,,,
HEC 252,SGB,,,,,,,,,,,,,,,,,,,,,,,,,8,4,6,6,3,,,,
HFC 001,SGB,,,,,,,,,,,,,,,,,,,,,,,,,,,2,4,8,5,8,7,
HFC 002,SGB,,,,,,,,,,,,,,,,,,,,,,,,,,,8,7,4,5,6,4,
HGC 951,SGB,20,,,,,,,,,,,,,,,,,,,,,,,,,,,,,,,,
HIC 472,SGB,10,,,,,,,,,,,,,,,,,,,,,,,,,,,,,,,,
HIC 627,SGB,48,,,,,,,,,,,,,,,,,,,,,,,,,,,,,,,,
HIC 628,SGB,41,,,,,,,,,,,,,,,,,,,,,,,,,,,,,,,,
HIC 629,SGB,32,,,,,,,,,,,,,,,,,,,,,,,,,,,,,,,,
HJC 286,SGB,8,,,,,,,,,,,,,,,,,,,,,,,,,,,,,,,,
HLC 202,SGB,,,,,,,,,,,,,,,,,,,,,,,,,,,4,4,2,1,4,4,
HLC 203,SGB,,,,,,,,,,,,,,,,,,,,,,,,,,,3,0,2,5,5,4,
HMC 501,SGB,,,,,,,,,,,,,,,,,,,,,,,,,,,2,3,2,2,3,4,
HMC 502,SGB,,,,,,,,,,,,,,,,,,,,,,,,,,,0,0,1,1,1,2,
HNC 690,SGB,,,,,,,,,,,,,,,,,,,,,,,,,2,5,2,4,1,,,,
HNC 691,SGB,,,,,,,,,,,,,,,,,,,,,,,,,1,8,5,11,6,,,,
HNC 692,SGB,,,,,,,,,,,,,,,,,,,,,,,,,5,5,4,5,3,,,,
HNC 693,SGB,,,,,,,,,,,,,,,,,,,,,,,,,1,3,6,9,4,,,,
HNC 694,SGB,,,,,,,,,,,,,,,,,,,,,,,,,4,2,5,4,3,,,,
HUC 131,SGB,38,,,,,,,,,,,,,,,,,,,,,,,,,,,,,,,,
HUC 132,SGB,39,,,,,,,,,,,,,,,,,,,,,,,,,,,,,,,,
HUC 133,SGB,21,,,,,,,,,,,,,,,,,,,,,,,,,,,,,,,,
HUC 134,SGB,28,,,,,,,,,,,,,,,,,,,,,,,,,,,,,,,,
HUC 136,SGB,45,,,,,,,,,,,,,,,,,,,,,,,,,,,,,,,,
HUC 139,SGB,30,,,,,,,,,,,,,,,,,,,,,,,,,,,,,,,,
HUC 142,SGB,15,,,,,,,,,,,,,,,,,,,,,,,,,,,,,,,,
HUC 143,SGB,37,,,,,,,,,,,,,,,,,,,,,,,,,,,,,,,,
HUC 145,SGB,65,,,,,,,,,,,,,,,,,,,,,,,,,,,,,,,,
HUC 147,SGB,25,,,,,,,,,,,,,,,,,,,,,,,,,,,,,,,,
HUC 323,SGB,43,,,,,,,,,,,,,,,,,,,,,,,,,,,,,,,,
IAC 060,SGB,17,,,,,,,,,,,,,,,,,,,,,,,,,,,,,,,,
IAC 061,SGB,31,,,,,,,,,,,,,,,,,,,,,,,,,,,,,,,,
IKC 340,SGB,27,,,,,,,,,,,,,,,,,,,,,,,,,,,,,,,,
IKC 350,SGB,45,,,,,,,,,,,,,,,,,,,,,,,,,,,,,,,,
IKC 351,SGB,31,,,,,,,,,,,,,,,,,,,,,,,,,,,,,,,,
IKC 352,SGB,70,,,,,,,,,,,,,,,,,,,,,,,,,,,,,,,,
IKC 353,SGB,78,,,,,,,,,,,,,,,,,,,,,,,,,,,,,,,,
ILC 007,SGB,15,,,,,,,,,,,,,,,,,,,,,,,,,,,,,,,,
ILC 371,SGB,47,,,,,,,,,,,,,,,,,,,,,,,,,,,,,,,,
ILC 372,SGB,40,,,,,,,,,,,,,,,,,,,,,,,,,,,,,,,,
ILC 375,SGB,17,,,,,,,,,,,,,,,,,,,,,,,,,,,,,,,,
ILC 379,SGB,45,,,,,,,,,,,,,,,,,,,,,,,,,,,,,,,,
ILC 381,SGB,18,,,,,,,,,,,,,,,,,,,,,,,,,,,,,,,,
ILC 383,SGB,18,,,,,,,,,,,,,,,,,,,,,,,,,,,,,,,,
ILC 386,SGB,21,,,,,,,,,,,,,,,,,,,,,,,,,,,,,,,,
ILC 387,SGB,14,,,,,,,,,,,,,,,,,,,,,,,,,,,,,,,,
ILC 388,SGB,25,,,,,,,,,,,,,,,,,,,,,,,,,,,,,,,,
INC 001,SGB,,,5,7,,,,,,,,,,,,,,,,,,,,,,,,,,,,,
INC 002,SGB,,,15,10,,,,,,,,,,,,,,,,,,,,,,,,,,,,,
INC 004,SGB,,,22,6,,,,,,,,,,,,,,,,,,,,,,,,,,,,,
INC 005,SGB,,,11,24,,,,,,,,,,,,,,,,,,,,,,,,,,,,,
IOC 323,SGB,32,,,,,,,,,,,,,,,,,,,,,,,,,,,,,,,,
IOC 329,SGB,16,,,,,,,,,,,,,,,,,,,,,,,,,,,,,,,,
IOC 330,SGB,21,,,,,,,,,,,,,,,,,,,,,,,,,,,,,,,,
IOC 331,SGB,29,,,,,,,,,,,,,,,,,,,,,,,,,,,,,,,,
IOC 332,SGB,20,,,,,,,,,,,,,,,,,,,,,,,,,,,,,,,,
IOC 333,SGB,,,,,,,,,,,,,,,,,,,,,,,,,,,3,1,2,2,3,2,
IOC 334,SGB,,,,,,,,,,,,,,,,,,,,,,,,,,,4,3,3,3,2,4,
IPC 083,SGB,,,,,,,,,,,,,,,,,,,,,,,,,5,7,9,4,7,,,,
IPC 084,SGB,,,,,,,,,,,,,,,,,,,,,,,,,4,3,6,5,6,,,,
IRC 004,SGB,,,,,,,,,,,,,,,,,,,,,,,,,2,4,4,4,2,,,,
IRC 010,SGB,,,,,,,,,,,,,,,,,,,,,,,,,3,6,3,2,7,,,,
ISC 099,SGB,,,12,13,19,,,,,,,,,,,,,,,,,,,,,,,,,,,,
ISC 101,SGB,,,19,23,22,,,,,,,,,,,,,,,,,,,,,,,,,,,,
ISC 102,SGB,,,24,17,11,,,,,,,,,,,,,,,,,,,,,,,,,,,,
ISC 104,SGB,,,13,21,22,,,,,,,,,,,,,,,,,,,,,,,,,,,,
ISC 105,SGB,,,27,14,8,,,,,,,,,,,,,,,,,,,,,,,,,,,,
ISC 106,SGB,,,16,21,13,,,,,,,,,,,,,,,,,,,,,,,,,,,,
ISC 120,SGB,21,,,,,,,,,,,,,,,,,,,,,,,,,,,,,,,,
ISC 121,SGB,17,,,,,,,,,,,,,,,,,,,,,,,,,,,,,,,,
ISC 122,SGB,20,,,,,,,,,,,,,,,,,,,,,,,,,,,,,,,,
ISC 123,SGB,,,5,15,15,10,,,,,,,,,,,,,,,,,,,,,,,,,,,
ISC 154,SGB,19,,,,,,,,,,,,,,,,,,,,,,,,,,,,,,,,
ISC 166,SGB,,,12,11,9,,,,,,,,,,,,,,,,,,,,,,,,,,,,
ISC 168,SGB,,,12,6,8,10,,,,,,,,,,,,,,,,,,,,,,,,,,,
ISC 171,SGB,,,8,6,17,9,,,,,,,,,,,,,,,,,,,,,,,,,,,
ISC 172,SGB,31,,,,,,,,,,,,,,,,,,,,,,,,,,,,,,,,
ISC 177,SGB,,,20,17,9,,,,,,,,,,,,,,,,,,,,,,,,,,,,
ISC 178,SGB,,,11,21,12,,,,,,,,,,,,,,,,,,,,,,,,,,,,
ISC 179,SGB,,,12,13,11,,,,,,,,,,,,,,,,,,,,,,,,,,,,
ISC 180,SGB,,,22,23,21,,,,,,,,,,,,,,,,,,,,,,,,,,,,
ISC 181,SGB,16,,,,,,,,,,,,,,,,,,,,,,,,,,,,,,,,
ISC 182,SGB,,,13,16,,,,,,,,,,,,,,,,,,,,,,,,,,,,,
ISC 190,SGB,15,,,,,,,,,,,,,,,,,,,,,,,,,,,,,,,,
ISC 191,SGB,12,,,,,,,,,,,,,,,,,,,,,,,,,,,,,,,,
ISC 195,SGB,26,,,,,,,,,,,,,,,,,,,,,,,,,,,,,,,,
ISC 196,SGB,,,15,8,,,,,,,,,,,,,,,,,,,,,,,,,,,,,
ISC 199,SGB,,,17,11,,,,,,,,,,,,,,,,,,,,,,,,,,,,,
ISC 200,SGB,,,9,11,16,,,,,,,,,,,,,,,,,,,,,,,,,,,,
ISC 201,SGB,,,11,12,11,,,,,,,,,,,,,,,,,,,,,,,,,,,,
ISC 202,SGB,23,,,,,,,,,,,,,,,,,,,,,,,,,,,,,,,,
ISC 203,SGB,,,11,0,7,,,,,,,,,,,,,,,,,,,,,,,,,,,,
ISC 204,SGB,,,0,5,8,,,,,,,,,,,,,,,,,,,,,,,,,,,,
ISC 206,SGB,,,2,15,10,,,,,,,,,,,,,,,,,,,,,,,,,,,,
ISC 207,SGB,,,5,4,9,,,,,,,,,,,,,,,,,,,,,,,,,,,,
ISC 208,SGB,,,14,8,13,,,,,,,,,,,,,,,,,,,,,,,,,,,,
ISC 209,SGB,,,9,6,,,,,,,,,,,,,,,,,,,,,,,,,,,,,
ISC 210,SGB,,,20,9,14,,,,,,,,,,,,,,,,,,,,,,,,,,,,
ISC 211,SGB,,,11,22,21,,,,,,,,,,,,,,,,,,,,,,,,,,,,
ISC 212,SGB,,,14,18,,,,,,,,,,,,,,,,,,,,,,,,,,,,,
ISC 213,SGB,,,7,10,,,,,,,,,,,,,,,,,,,,,,,,,,,,,
ISC 214,SGB,,,19,18,,,,,,,,,,,,,,,,,,,,,,,,,,,,,
ISC 217,SGB,,,19,14,,,,,,,,,,,,,,,,,,,,,,,,,,,,,
ISC 221,SGB,,,12,12,,,,,,,,,,,,,,,,,,,,,,,,,,,,,
ISC 222,SGB,,,11,18,,,,,,,,,,,,,,,,,,,,,,,,,,,,,
ISC 226,SGB,,,12,19,,,,,,,,,,,,,,,,,,,,,,,,,,,,,
ISC 227,SGB,,,9,10,,,,,,,,,,,,,,,,,,,,,,,,,,,,,
ISC 228,SGB,,,16,12,,,,,,,,,,,,,,,,,,,,,,,,,,,,,
ISC 229,SGB,,,18,11,,,,,,,,,,,,,,,,,,,,,,,,,,,,,
ISC 230,SGB,,,9,16,,,,,,,,,,,,,,,,,,,,,,,,,,,,,
ISC 236,SGB,,,11,11,,,,,,,,,,,,,,,,,,,,,,,,,,,,,
ISC 242,SGB,,,12,12,,,,,,,,,,,,,,,,,,,,,,,,,,,,,
ISC 247,SGB,,,12,9,,,,,,,,,,,,,,,,,,,,,,,,,,,,,
ISC 248,SGB,,,8,11,,,,,,,,,,,,,,,,,,,,,,,,,,,,,
ISC 253,SGB,,,15,18,,,,,,,,,,,,,,,,,,,,,,,,,,,,,
ISC 255,SGB,,,10,17,,,,,,,,,,,,,,,,,,,,,,,,,,,,,
ISC 256,SGB,,,12,18,,,,,,,,,,,,,,,,,,,,,,,,,,,,,
ISC 257,SGB,,,19,27,,,,,,,,,,,,,,,,,,,,,,,,,,,,,
ISC 259,SGB,,,20,18,,,,,,,,,,,,,,,,,,,,,,,,,,,,,
ISC 260,SGB,,,7,7,10,,,,,,,,,,,,,,,,,,,,,,,,,,,,
ISC 261,SGB,,,11,10,12,,,,,,,,,,,,,,,,,,,,,,,,,,,,
ISC 262,SGB,,,11,10,11,,,,,,,,,,,,,,,,,,,,,,,,,,,,
ISC 263,SGB,,,11,10,10,,,,,,,,,,,,,,,,,,,,,,,,,,,,
ISC 264,SGB,,,11,14,9,,,,,,,,,,,,,,,,,,,,,,,,,,,,
ISC 265,SGB,,,12,10,9,,,,,,,,,,,,,,,,,,,,,,,,,,,,
ISC 266,SGB,,,8,8,11,,,,,,,,,,,,,,,,,,,,,,,,,,,,
ISC 267,SGB,,,12,12,11,,,,,,,,,,,,,,,,,,,,,,,,,,,,
ISC 268,SGB,,,12,10,4,,,,,,,,,,,,,,,,,,,,,,,,,,,,
ISC 269,SGB,,,12,8,11,,,,,,,,,,,,,,,,,,,,,,,,,,,,
ISC 270,SGB,,,8,7,5,,,,,,,,,,,,,,,,,,,,,,,,,,,,
ISC 271,SGB,,,12,11,8,,,,,,,,,,,,,,,,,,,,,,,,,,,,
ISC 272,SGB,,,16,9,11,,,,,,,,,,,,,,,,,,,,,,,,,,,,
ISC 273,SGB,,,16,18,18,,,,,,,,,,,,,,,,,,,,,,,,,,,,
ISC 274,SGB,,,20,18,,,,,,,,,,,,,,,,,,,,,,,,,,,,,
ISC 275,SGB,,,12,13,,,,,,,,,,,,,,,,,,,,,,,,,,,,,
ISC 276,SGB,,,17,18,,,,,,,,,,,,,,,,,,,,,,,,,,,,,
ISC 277,SGB,,,15,16,,,,,,,,,,,,,,,,,,,,,,,,,,,,,
ISC 278,SGB,,,10,8,,,,,,,,,,,,,,,,,,,,,,,,,,,,,
ISC 279,SGB,,,18,16,15,,,,,,,,,,,,,,,,,,,,,,,,,,,,
ISC 280,SGB,,,13,9,,,,,,,,,,,,,,,,,,,,,,,,,,,,,
ISC 281,SGB,,,12,8,8,,,,,,,,,,,,,,,,,,,,,,,,,,,,
ISC 282,SGB,,,21,18,,,,,,,,,,,,,,,,,,,,,,,,,,,,,
ISC 283,SGB,,,11,19,,,,,,,,,,,,,,,,,,,,,,,,,,,,,
ISC 284,SGB,,,18,17,,,,,,,,,,,,,,,,,,,,,,,,,,,,,
ISC 285,SGB,,,15,14,,,,,,,,,,,,,,,,,,,,,,,,,,,,,
ISC 286,SGB,,,15,21,20,,,,,,,,,,,,,,,,,,,,,,,,,,,,
ISC 287,SGB,,,14,13,16,,,,,,,,,,,,,,,,,,,,,,,,,,,,
ISC 288,SGB,59,,,,,,,,,,,,,,,,,,,,,,,,,,,,,,,,
ISC 289,SGB,40,,,,,,,,,,,,,,,,,,,,,,,,,,,,,,,,
ISC 290,SGB,48,,,,,,,,,,,,,,,,,,,,,,,,,,,,,,,,
ISC 876,SGB,,,13,6,,,,,,,,,,,,,,,,,,,,,,,,,,,,,
ISC 895,SGB,12,,,,,,,,,,,,,,,,,,,,,,,,,,,,,,,,
ISC 898,SGB,,,14,11,,,,,,,,,,,,,,,,,,,,,,,,,,,,,
ISC 924,SGB,,,12,27,,,,,,,,,,,,,,,,,,,,,,,,,,,,,
IWC 856,SGB,,,,,,,,,,,,,,,,,,,,,,,,,7,6,3,8,3,,,,
IWC 857,SGB,,,,,,,,,,,,,,,,,,,,,,,,,4,4,9,6,3,,,,
IWC 858,SGB,,,,,,,,,,,,,,,,,,,,,,,,,4,8,8,4,6,,,,
IWC 859,SGB,,,,,,,,,,,,,,,,,,,,,,,,,5,6,5,7,-1,,,,
IWC 860,SGB,,,,,,,,,,,,,,,,,,,,,,,,,5,4,3,5,2,,,,
IWC 865,SGB,,,,,,,,,,,,,,,,,,,,,,,,,6,6,6,6,0,,,,
IYC 624,SGB,,,,,,,,,,,,,,,,,,,,,,,,,2,4,5,5,3,,,,
IYC 625,SGB,,,,,,,,,,,,,,,,,,,,,,,,,3,5,3,5,4,,,,
JAC 329,SGB,,,,8,7,,,,,,,,,,,,,,,,,,,,,,,,,,,,
JAC 330,SGB,,,,7,8,,,,,,,,,,,,,,,,,,,,,,,,,,,,
JAC 394,SGB,7,,,,,,,,,,,,,,,,,,,,,,,,,,,,,,,,
JAC 395,SGB,,,,45,24,,,,,,,,,,,,,,,,,,,,,,,,,,,,
JAC 458,SGB,,,,13,9,,,,,,,,,,,,,,,,,,,,,,,,,,,,
JAC 460,SGB,,,,14,14,,,,,,,,,,,,,,,,,,,,,,,,,,,,
JAC 464,SGB,,,,17,28,,,,,,,,,,,,,,,,,,,,,,,,,,,,
JAC 467,SGB,,,,6,10,,,,,,,,,,,,,,,,,,,,,,,,,,,,
JAC 468,SGB,,,,11,12,,,,,,,,,,,,,,,,,,,,,,,,,,,,
JKC 101,SGB,,,,,,,,,,,,,,,,,,,,,,,,,,13,15,11,8,17,10,9,
JKC 102,SGB,,,,,,,,,,,,,,,,,,,,0,0,0,0,0,0,30,19,22,35,32,17,14,
JKC 103,SGB,,,,,,,,,,,,,,,,,,,,,,,,,,6,6,7,10,4,20,8,
JKC 104,SGB,,,,,,,,,,,,,,,,,,,,,,,,,,22,33,23,18,35,30,14,
JKC 105,SGB,,,,,,,,,,,,,,,,,,,,,,,,,23,22,22,22,23,,,,
JKC 106,SGB,,,,,,,,,,,,,,,,,,,,12,15,18,22,22,34,0,,,,,,,
JTC 727,SGB,21,,,,,,,,,,,,,,,,,,,,,,,,,,,,,,,,
KAC 001,SGB,,,,,,,,,,,4,8,3,5,4,3,,,,,,,,,,,,,,,,,
KAC 002,SGB,,,,,,,,,,,1,0,4,4,4,3,,,,,,,,,,,,,,,,,
KAC 003,SGB,,,,,,,,,,,,,,4,5,5,4,4,0,,,,,,,,,,,,,,
KHC 379,SGB,24,,,,,,,,,,,,,,,,,,,,,,,,,,,,,,,,
KHC 380,SGB,13,,,,,,,,,,,,,,,,,,,,,,,,,,,,,,,,
KHC 382,SGB,17,,,,,,,,,,,,,,,,,,,,,,,,,,,,,,,,
KKC 121,SGB,,,,,,,,,,,,,,,,,,,,,,,,,4,3,7,4,2,,,,
KKC 122,SGB,,,,,,,,,,,,,,,,,,,,,,,,,3,2,1,0,5,,,,
KKC 125,SGB,,,,,,,,,,,,,,,,,,,,,,,,,4,4,3,5,5,,,,
KKC 126,SGB,,,,,,,,,,,,,,,,,,,,,,,,,3,4,5,5,4,,,,
KKC 127,SGB,,,,,,,,,,,,,,,,,,,,,,,,,3,9,10,5,7,,,,
KKC 128,SGB,,,,,,,,,,,,,,,,,,,,,,,,,3,5,3,5,6,,,,
KRC 502,SGB,,,,,,,,,,,,,,,,,,,,,,,,,,,3,1,0,2,4,3,
KRC 506,SGB,,,,,,,,,,,,,,,,,,,,,,,,,,,3,4,4,5,5,4,
KRC 507,SGB,,,,,,,,,,,,,,,,,,,,,,,,,,,2,4,4,3,3,3,
KSC 901,SGB,,,,,,,,,,,,,,,,,,,,,,,,,6,2,3,3,1,,,,
KSC 902,SGB,,,,,,,,,,,,,,,,,,,,,,,,,4,8,6,8,5,,,,
KSC 903,SGB,,,,,,,,,,,,,,,,,,,,,,,,,2,3,5,6,5,,,,
KSC 904,SGB,,,,,,,,,,,,,,,,,,,,,,,,,4,2,4,5,4,,,,
KSC 905,SGB,,,,,,,,,,,,,,,,,,,,,,,,,6,2,8,8,2,,,,
KSC 906,SGB,,,,,,,,,,,,,,,,,,,,,,,,,5,5,4,4,3,,,,
KSC 907,SGB,,,,,,,,,,,,,,,,,,,,,,,,,1,8,3,13,4,,,,
KSC 910,SGB,,,,,,,,,,,,,,,,,,,,,,,,,4,6,11,9,4,,,,
KSC 911,SGB,,,,,,,,,,,,,,,,,,,,,,,,,3,2,4,9,6,,,,
KSC 912,SGB,,,,,,,,,,,,,,,,,,,,,,,,,4,4,4,5,2,,,,
KSC 913,SGB,,,,,,,,,,,,,,,,,,,,,,,,,3,6,5,5,5,,,,
KSC 914,SGB,,,,,,,,,,,,,,,,,,,,,,,,,6,7,6,8,1,,,,
KSC 915,SGB,,,,,,,,,,,,,,,,,,,,,,,,,6,6,2,4,3,,,,
KSC 917,SGB,,,,,,,,,,,,,,,,,,,,,,,,,2,3,1,3,2,,,,
KSC 918,SGB,,,,,,,,,,,,,,,,,,,,,,,,,4,6,7,6,4,,,,
KYC 205,SGB,13,,,,,,,,,,,,,,,,,,,,,,,,,,,,,,,,
LEC 176,SGB,26,,,,,,,,,,,,,,,,,,,,,,,,,,,,,,,,
LEC 178,SGB,33,,,,,,,,,,,,,,,,,,,,,,,,,,,,,,,,
LEC 179,SGB,44,,,,,,,,,,,,,,,,,,,,,,,,,,,,,,,,
LXC 427,SGB,,7,16,17,19,,,,,,,,,,,,,,,,,,,,,,,,,,,,
LXC 428,SGB,,1,19,21,18,,,,,,,,,,,,,,,,,,,,,,,,,,,,
LXC 440,SGB,,,6,7,12,11,,,,,,,,,,,,,,,,,,,,,,,,,,,
LXC 443,SGB,,,13,12,22,9,,,,,,,,,,,,,,,,,,,,,,,,,,,
LXC 444,SGB,,,5,10,5,1,,,,,,,,,,,,,,,,,,,,,,,,,,,
LXC 445,SGB,,,8,10,-1,26,,,,,,,,,,,,,,,,,,,,,,,,,,,
LXC 446,SGB,,11,9,6,16,,,,,,,,,,,,,,,,,,,,,,,,,,,,
LXC 448,SGB,,4,0,6,11,,,,,,,,,,,,,,,,,,,,,,,,,,,,
LXC 454,SGB,,13,7,8,9,,,,,,,,,,,,,,,,,,,,,,,,,,,,
LXC 455,SGB,35,,,,,,,,,,,,,,,,,,,,,,,,,,,,,,,,
LXC 462,SGB,,,6,6,6,2,,,,,,,,,,,,,,,,,,,,,,,,,,,
LXC 470,SGB,,,14,10,6,16,,,,,,,,,,,,,,,,,,,,,,,,,,,
LXC 478,SGB,,,15,11,14,10,,,,,,,,,,,,,,,,,,,,,,,,,,,
LXC 726,SGB,,,15,14,15,10,,,,,,,,,,,,,,,,,,,,,,,,,,,
LXC 738,SGB,,,15,13,10,4,,,,,,,,,,,,,,,,,,,,,,,,,,,
MAC 378,SGB,57,,,,,,,,,,,,,,,,,,,,,,,,,,,,,,,,
MAC 533,SGB,,,2,5,,,,,,,,,,,,,,,,,,,,,,,,,,,,,
MAC 538,SGB,,,0,2,4,11,,,,,,,,,,,,,,,,,,,,,,,,,,,
MAC 540,SGB,,,19,18,,,,,,,,,,,,,,,,,,,,,,,,,,,,,
MAC 549,SGB,,,7,11,,,,,,,,,,,,,,,,,,,,,,,,,,,,,
MAC 550,SGB,,,0,29,,,,,,,,,,,,,,,,,,,,,,,,,,,,,
MAC 551,SGB,,,17,14,,,,,,,,,,,,,,,,,,,,,,,,,,,,,
MAC 552,SGB,,,8,29,,,,,,,,,,,,,,,,,,,,,,,,,,,,,
MAC 798,SGB,,,9,12,,,,,,,,,,,,,,,,,,,,,,,,,,,,,
MAC 806,SGB,,,5,12,3,5,,,,,,,,,,,,,,,,,,,,,,,,,,,
MAC 807,SGB,,,-1,7,8,0,,,,,,,,,,,,,,,,,,,,,,,,,,,
MAC 813,SGB,,,,,,,11,10,,,,,,,,,,,,,,,,,,,,,,,,,
MAC 814,SGB,,,,,,,9,1,,,,,,,,,,,,,,,,,,,,,,,,,
MAC 816,SGB,,,6,10,,,,,,,,,,,,,,,,,,,,,,,,,,,,,
MAC 817,SGB,,,13,12,,,,,,,,,,,,,,,,,,,,,,,,,,,,,
MAC 818,SGB,,,15,10,,,,,,,,,,,,,,,,,,,,,,,,,,,,,
MAC 819,SGB,,,5,12,,,,,,,,,,,,,,,,,,,,,,,,,,,,,
MAC 820,SGB,,,13,18,,,,,,,,,,,,,,,,,,,,,,,,,,,,,
MDC 001,SGB,,,,,,,,,,,,,,,,,,,,,,,,,,,0,8,6,4,6,3,
MDC 002,SGB,,,,,,,,,,,,,,,,,,,,,,,,,,,4,6,7,5,4,4,
MDC 003,SGB,,,,,,,,,,,,,,,,,,,,,,,,,,,4,6,6,4,5,3,
MDC 004,SGB,,,,,,,,,,,,,,,,,,,,,,,,,,,4,4,7,1,5,2,
MGC 316,SGB,,,,,,,,,,,,,,,0,0,7,3,8,,,,,,,,,,,,,,
MGC 318,SGB,,,,,,,,,,,,,,,,,,,,4,4,1,4,9,,,,,,,,,
MGC 324,SGB,,,,,,,,,,,,,,,,,,,,2,1,1,3,0,,,,,,,,,
MGC 325,SGB,,,,,,,,,,,,,,,,,,,,1,3,2,0,0,,,,,,,,,
MIC 202,SGB,,,,,,,,,,,,,,,,,,,,,,,,,3,2,0,6,10,,,,
MIC 203,SGB,,,,,,,,,,,,,,,,,,,,,,,,,5,6,2,7,7,,,,
MIC 205,SGB,,,,,,,,,,,,,,,,,,,,,,,,,1,4,1,7,5,,,,
MIC 206,SGB,,,,,,,,,,,,,,,,,,,,,,,,,5,4,4,1,5,,,,
MIC 207,SGB,,,,,,,,,,,,,,,,,,,,,,,,,6,7,8,7,3,,,,
MJC 571,SGB,,,,,,,,,,,,,,,,,,,,,,,,,,,5,3,7,7,4,5,
MJC 572,SGB,,,,,,,,,,,,,,,,,,,,,,,,,,,4,4,3,4,9,7,
MJC 575,SGB,,,,,,,,,,,,,,,,,,,,,,,,,,,5,1,6,6,6,6,
MJC 577,SGB,,,,,,,,,,,,,,,,,,,,,,,,,,,3,2,7,6,6,4,
MJC 578,SGB,,,,,,,,,,,,,,,,,,,,,,,,,,,6,5,4,5,7,6,
MJC 580,SGB,,,,,,,,,,,,,,,,,,,,,,3,4,5,4,6,,,,,,,
MKC 274,SGB,16,,,,,,,,,,,,,,,,,,,,,,,,,,,,,,,,
MKC 346,SGB,20,,,,,,,,,,,,,,,,,,,,,,,,,,,,,,,,
MKC 348,SGB,,,,18,16,,,,,,,,,,,,,,,,,,,,,,,,,,,,
MLC 030,SGB,,,,,,,,,,,,,,,,,,,,,,,,,1,4,1,2,0,,,,
MLC 031,SGB,,,,,,,,,,,,,,,,,,,,,,,,,3,3,0,0,3,,,,
MLC 034,SGB,,,,,,,,,,,,,,,,,,,,,,,,,4,6,4,7,6,,,,
MLC 035,SGB,,,,,,,,,,,,,,,,,,,,,,,,,4,0,0,0,0,,,,
MNC 221,SGB,25,,,,,,,,,,,,,,,,,,,,,,,,,,,,,,,,
MNC 230,SGB,,,30,8,,,,,,,,,,,,,,,,,,,,,,,,,,,,,
MNC 232,SGB,,,0,15,,,,,,,,,,,,,,,,,,,,,,,,,,,,,
MNC 954,SGB,,,13,24,,,,,,,,,,,,,,,,,,,,,,,,,,,,,
MNC 964,SGB,,,7,9,,,,,,,,,,,,,,,,,,,,,,,,,,,,,
MPC 072,SGB,16,,,,,,,,,,,,,,,,,,,,,,,,,,,,,,,,
MPC 076,SGB,9,,,,,,,,,,,,,,,,,,,,,,,,,,,,,,,,
MPC 301,SGB,,,,31,21,,,,,,,,,,,,,,,,,,,,,,,,,,,,
MPC 302,SGB,,,,20,37,,,,,,,,,,,,,,,,,,,,,,,,,,,,
MPC 305,SGB,,,15,10,,,,,,,,,,,,,,,,,,,,,,,,,,,,,
MPC 306,SGB,,,10,10,,,,,,,,,,,,,,,,,,,,,,,,,,,,,
MQC 132,SGB,,,12,19,,,,,,,,,,,,,,,,,,,,,,,,,,,,,
MQC 158,SGB,,,17,16,,,,,,,,,,,,,,,,,,,,,,,,,,,,,
MQC 178,SGB,,,19,10,,,,,,,,,,,,,,,,,,,,,,,,,,,,,
MRC 902,SGB,,,9,16,6,,,,,,,,,,,,,,,,,,,,,,,,,,,,
MRC 903,SGB,,,12,14,12,,,,,,,,,,,,,,,,,,,,,,,,,,,,
MRC 906,SGB,,,9,3,,,,,,,,,,,,,,,,,,,,,,,,,,,,,
MRC 907,SGB,,,19,16,12,,,,,,,,,,,,,,,,,,,,,,,,,,,,
MRC 908,SGB,,,16,17,11,,,,,,,,,,,,,,,,,,,,,,,,,,,,
MRC 912,SGB,,,8,9,12,,,,,,,,,,,,,,,,,,,,,,,,,,,,
MRC 915,SGB,,,22,25,,,,,,,,,,,,,,,,,,,,,,,,,,,,,
MSC 400,SGB,,,,,,,,,,,,,,,,,,,,,,,,,5,3,7,2,3,,,,
MSC 401,SGB,,,,,,,,,,,,,,,,,,,,6,5,4,8,3,,,,,,,,,
MSC 402,SGB,,,,,,,,,,,,,,,,,,,,1,5,7,7,3,,,,,,,,,
MUC 032,SGB,,,,,,,,,,,,,,,,,,,,,,,,,5,6,7,1,5,,,,
MUC 033,SGB,,,,,,,,,,,,,,,,,,,,,,,,,5,4,4,6,3,,,,
NAC 690,SGB,,,,,,,,,,,,,,,,,,,,,,,,,,,5,5,2,6,6,2,
NAC 691,SGB,,,,,,,,,,,,,,,,,,,,,,,,,,,0,2,3,1,1,1,
NAC 692,SGB,,,,,,,,,,,,,,,,,,,,,,,,,,,4,4,7,6,5,3,
NAC 693,SGB,,,,,,,,,,,,,,,,,,,,,,,,,,,3,5,5,4,4,4,
NAC 694,SGB,,,,,,,,,,,,,,,,,,,,,,,,,,,4,4,5,3,5,5,
NAC 695,SGB,,,,,,,,,,,,,,,,,,,,,,,,,,,4,5,4,3,2,5,
NAC 697,SGB,,,,,,,,,,,,,,,,,,,,,,,,,,,3,3,4,4,1,2,
NAC 699,SGB,,,,,,,,,,,,,,,,,,,,,,,,,,,4,3,3,4,4,1,
NAC 700,SGB,,,,,,,,,,,,,,,,,,,,,,,,,,,1,3,2,3,3,2,
NAC 701,SGB,,,,,,,,,,,,,,,,,,,,,,,,,,,4,4,4,5,3,4,
NAC 702,SGB,,,,,,,,,,,,,,,,,,,,,,,,,,,3,2,3,4,3,1,
NAC 703,SGB,,,,,,,,,,,,,,,,,,,,,,,,,,,3,2,0,0,0,3,
NAC 704,SGB,,,,,,,,,,,,,,,,,,,,,,,,,,,3,3,1,1,3,3,
NAC 705,SGB,,,,,,,,,,,,,,,,,,,,,,,,,,,3,3,1,1,3,3,
NAC 706,SGB,,,,,,,,,,,,,,,,,,,,,,,,,,,3,4,4,4,4,3,
NEC 431,SGB,,,,,,,,,,,,,,,,,,,,,,,,,,,0,1,2,0,1,4,
NEC 432,SGB,,,,,,,,,,,,,,,,,,,,,,,,,,,2,5,5,4,4,4,
NNC 439,SGB,6,,,,,,,,,,,,,,,,,,,,,,,,,,,,,,,,
NNC 441,SGB,52,,,,,,,,,,,,,,,,,,,,,,,,,,,,,,,,
NRC 001,SGB,18,,,,,,,,,,,,,,,,,,,,,,,,,,,,,,,,
NRC 002,SGB,21,,,,,,,,,,,,,,,,,,,,,,,,,,,,,,,,
NRC 003,SGB,15,,,,,,,,,,,,,,,,,,,,,,,,,,,,,,,,
NRC 004,SGB,19,,,,,,,,,,,,,,,,,,,,,,,,,,,,,,,,
NYC 533,SGB,21,,,,,,,,,,,,,,,,,,,,,,,,,,,,,,,,
NYC 534,SGB,16,,,,,,,,,,,,,,,,,,,,,,,,,,,,,,,,
NYC 535,SGB,45,,,,,,,,,,,,,,,,,,,,,,,,,,,,,,,,
NYC 536,SGB,44,,,,,,,,,,,,,,,,,,,,,,,,,,,,,,,,
NYC 537,SGB,25,,,,,,,,,,,,,,,,,,,,,,,,,,,,,,,,
NYC 538,SGB,29,,,,,,,,,,,,,,,,,,,,,,,,,,,,,,,,
ODC 001,SGB,,,17,19,,,,,,,,,,,,,,,,,,,,,,,,,,,,,
OWC 181,SGB,,,,,,,,,,,,,,,,,,,,,,,,,2,4,2,1,3,,,,
OWC 182,SGB,,,,,,,,,,,,,,,,,,,,,,,,,3,1,7,6,3,,,,
PAC 414,SGB,,,,,,,,,,,,,,,,,,,,,,,,,,,4,2,5,6,4,6,
PAC 415,SGB,,,,,,,,,,,,,,,,,,,,,,,,,,,6,7,6,6,5,3,
PAC 416,SGB,,,,,,,,,,,,,,,,,,,,,,,,,,,-1,5,9,6,5,4,
PAC 417,SGB,,,,,,,,,,,,,,,,,,,,,,,,,,,3,4,4,5,10,6,
PAC 418,SGB,,,,,,,,,,,,,,,,,,,,,,,,,,,5,5,8,4,2,4,
PAC 419,SGB,,,,,,,,,,,,,,,,,,,,,,,,,,,4,6,8,8,8,3,
POC 337,SGB,,,,,,,,,,,,,,,,,,,,,,,,,,,5,6,4,4,6,5,
POC 342,SGB,,,,,,,,,,,,,,,,,,,,,,,,,,,4,5,3,6,6,3,
POC 347,SGB,,,,,,,,,,,,,,,,,,,,,,,,,,,5,2,4,6,3,5,
QQC 777,SGB,73,,,,,,,,,,,,,,,,,,,,,,,,,,,,,,,,
QQC 780,SGB,103,,,,,,,,,,,,,,,,,,,,,,,,,,,,,,,,
RDC 840,SGB,,,,,,,,,,,,,,,,,,,,,,,,,,,4,5,5,7,6,7,
RDC 841,SGB,,,,,,,,,,,,,,,,,,,,,,,,,,,1,3,8,6,5,3,
RDC 842,SGB,,,,,,,,,,,,,,,,,,,,,,,,,,,2,5,6,9,7,4,
RDC 843,SGB,,,,,,,,,,,,,,,,,,,,,,,,,,,4,2,3,5,6,4,
RDC 844,SGB,,,,,,,,,,,,,,,,,,,,,,,,,,,2,3,7,7,8,1,
RDC 846,SGB,,,,,,,,,,,,,,,,,,,,,,,,,,,4,4,5,8,6,5,
RDC 847,SGB,,,,,,,,,,,,,,,,,,,,,,,,,,,5,6,0,4,1,5,
RDC 848,SGB,,,,,,,,,,,,,,,,,,,,,,,,,,,4,9,5,4,5,5,
REC 156,SGB,15,,,,,,,,,,,,,,,,,,,,,,,,,,,,,,,,
REC 164,SGB,,,17,16,,,,,,,,,,,,,,,,,,,,,,,,,,,,,
REC 165,SGB,,,18,11,,,,,,,,,,,,,,,,,,,,,,,,,,,,,
REC 166,SGB,,,18,15,,,,,,,,,,,,,,,,,,,,,,,,,,,,,
REC 167,SGB,,,3,5,,,,,,,,,,,,,,,,,,,,,,,,,,,,,
REC 168,SGB,,,8,5,,,,,,,,,,,,,,,,,,,,,,,,,,,,,
RHC 002,SGB,,,,,,,,,,,,,,,,,,,,,,,,,,,5,7,3,6,4,5,
RHC 134,SGB,,,,,,,,,,,,,,,,,,,,,,,,,,,4,4,3,4,3,1,
RHC 157,SGB,,,,,,,,,,,,,,,,,,,,,,,,,,,4,3,6,5,6,4,
RHC 800,SGB,,,,,,,,,,,,,,,,,,,,,,,,,,,5,5,6,6,8,4,
RHC 850,SGB,,,,,,,,,,,,,,,,,,,,,,,,,,,4,4,4,5,6,3,
RKC 247,SGB,,,1,14,20,24,,,,,,,,,,,,,,,,,,,,,,,,,,,
RKC 251,SGB,,,0,10,11,12,,,,,,,,,,,,,,,,,,,,,,,,,,,
RKC 253,SGB,,,9,29,,,,,,,,,,,,,,,,,,,,,,,,,,,,,
RKC 258,SGB,,,46,21,11,21,,,,,,,,,,,,,,,,,,,,,,,,,,,
RKC 259,SGB,,,,10,26,,,,,,,,,,,,,,,,,,,,,,,,,,,,
RKC 265,SGB,,,,1,14,,,,,,,,,,,,,,,,,,,,,,,,,,,,
RKC 268,SGB,,,,8,10,,,,,,,,,,,,,,,,,,,,,,,,,,,,
RKC 367,SGB,,,,0,2,,,,,,,,,,,,,,,,,,,,,,,,,,,,
RKC 540,SGB,,,,17,0,,,,,,,,,,,,,,,,,,,,,,,,,,,,
RKC 543,SGB,,,,12,2,,,,,,,,,,,,,,,,,,,,,,,,,,,,
RKC 545,SGB,,,,,,,,14,15,,,,,,,,,,,,,,,,,,,,,,,,
RKC 546,SGB,,,,,,,,3,0,,,,,,,,,,,,,,,,,,,,,,,,
RKC 547,SGB,,,,12,10,,,,,,,,,,,,,,,,,,,,,,,,,,,,
RLC 001,SGB,,,,,,,,,,,,,,,,,,,,,3,3,2,2,4,4,,,,,,,
RLC 002,SGB,,,,,,,,,,,,,,,,,,,,,4,5,5,2,3,3,,,,,,,
RNC 001,SGB,20,,,,,,,,,,,,,,,,,,,,,,,,,,,,,,,,
RNC 002,SGB,33,,,,,,,,,,,,,,,,,,,,,,,,,,,,,,,,
RNC 006,SGB,52,,,,,,,,,,,,,,,,,,,,,,,,,,,,,,,,
RRC 357,SGB,33,,,,,,,,,,,,,,,,,,,,,,,,,,,,,,,,
RRC 358,SGB,36,,,,,,,,,,,,,,,,,,,,,,,,,,,,,,,,
RRC 363,SGB,30,,,,,,,,,,,,,,,,,,,,,,,,,,,,,,,,
RRC 365,SGB,58,,,,,,,,,,,,,,,,,,,,,,,,,,,,,,,,
RRC 818,SGB,16,,,,,,,,,,,,,,,,,,,,,,,,,,,,,,,,
RRC 825,SGB,25,,,,,,,,,,,,,,,,,,,,,,,,,,,,,,,,
RRC 826,SGB,0,,,,,,,,,,,,,,,,,,,,,,,,,,,,,,,,
RRC 827,SGB,10,,,,,,,,,,,,,,,,,,,,,,,,,,,,,,,,
RRC 828,SGB,22,,,,,,,,,,,,,,,,,,,,,,,,,,,,,,,,
RRC 829,SGB,27,,,,,,,,,,,,,,,,,,,,,,,,,,,,,,,,
RTC 134,SGB,,,,,,,,,,,,,,,,,,,,,,,,,,,4,4,6,8,3,1,
RTC 135,SGB,,,,,,,,,,,,,,,,,,,,,,,,,,,3,4,6,3,4,2,
RTC 136,SGB,,,,,,,,,,,,,,,,,,,,,,,,,,,2,4,3,5,5,6,
RTC 137,SGB,,,,,,,,,,,,,,,,,,,,,,,,,,,3,2,8,7,5,3,
RTC 138,SGB,,,,,,,,,,,,,,,,,,,,,,,,,,,4,5,5,4,2,3,
RTC 139,SGB,,,,,,,,,,,,,,,,,,,,,,,,,,,3,3,3,5,3,5,
RTC 141,SGB,,,,,,,,,,,,,,,,,,,,,,,,,,,6,7,5,6,9,5,
RTC 143,SGB,,,,,,,,,,,,,,,,,,,,,,,,,,,3,4,5,5,3,3,
RTC 148,SGB,,,,,,,,,,,,,,,,,,,,,,,,,,,,3,5,6,7,6,
RTC 149,SGB,,,,,,,,,,,,,,,,,,,,,,,,,,,4,7,5,4,6,3,
SLC 202,SGB,59,,,,,,,,,,,,,,,,,,,,,,,,,,,,,,,,
STC 001,SGB,5,,,,,,,,,,,,,,,,,,,,,,,,,,,,,,,,
STC 935,SGB,,,,,,,,,,,,,,,,,,,,,,,,,,,1,6,3,5,3,6,
STC 936,SGB,,,,,,,,,,,,,,,,,,,,,,,,,,,5,6,2,11,5,7,
STC 937,SGB,,,,,,,,,,,,,,,,,,,,,,,,,,,5,8,9,7,6,4,
STC 938,SGB,,,,,,,,,,,,,,,,,,,,,,,,,,,3,8,4,10,3,4,
STC 939,SGB,,,,,,,,,,,,,,,,,,,,,,,,,,,4,5,5,2,4,5,
STC 940,SGB,,,,,,,,,,,,,,,,,,,,,,,,,,,3,5,5,7,3,6,
STC 941,SGB,,,,,,,,,,,,,,,,,,,,,,,,,,,3,4,1,4,3,4,
STC 942,SGB,,,,,,,,,,,,,,,,,,,,,,,,,,,1,5,5,2,5,4,
STC 950,SGB,,,,,,,,,,,,,,,,,,,,4,2,5,3,3,,,,,,,,,
STC 952,SGB,,,,,,,,,,,,,,,,,,,,4,3,4,4,3,,,,,,,,,
TFC 371,SGB,,,,,,,,,,,,,,,,,,,,,,,,,,,5,5,6,5,5,4,
TFC 375,SGB,,,,,,,,,,,,,,,,,,,,,,,,,,,7,4,3,6,6,4,
TFC 376,SGB,,,,,,,,,,,,,,,,,,,,,,,,,,,3,5,5,6,5,5,
TFC 377,SGB,,,,,,,,,,,,,,,,,,,,,,,,,,,2,1,3,4,2,5,
TFC 378,SGB,,,,,,,,,,,,,,,,,,,,,,,,,,,3,7,6,2,7,4,
TFC 379,SGB,,,,,,,,,,,,,,,,,,,,,,,,,,,3,4,3,1,3,2,
TFC 380,SGB,,,,,,,,,,,,,,,,,,,,,,,,,,,1,2,1,4,3,2,
TFC 381,SGB,,,,,,,,,,,,,,,,,,,,,,,,,,,1,3,4,1,4,3,
TFC 388,SGB,,,,,,,,,,,,,,,,,,,,,,,,,,,0,1,0,4,3,3,
TFC 710,SGB,,,,,,,,,,,,,,,,,,,,,,,,,,,3,3,5,1,0,0,
TIC 003,SGB,58,,,,,,,,,,,,,,,,,,,,,,,,,,,,,,,,
TIC 004,SGB,54,,,,,,,,,,,,,,,,,,,,,,,,,,,,,,,,
TMC 832,SGB,29,,,,,,,,,,,,,,,,,,,,,,,,,,,,,,,,
TMC 834,SGB,25,,,,,,,,,,,,,,,,,,,,,,,,,,,,,,,,
TMC 835,SGB,20,,,,,,,,,,,,,,,,,,,,,,,,,,,,,,,,
UAC 462,SGB,0,,,,,,,,,,,,,,,,,,,,,,,,,,,,,,,,
UAC 463,SGB,7,,,,,,,,,,,,,,,,,,,,,,,,,,,,,,,,
USC 105,SGB,,6,12,14,9,,,,,,,,,,,,,,,,,,,,,,,,,,,,
USC 417,SGB,,4,14,15,4,,,,,,,,,,,,,,,,,,,,,,,,,,,,
USC 418,SGB,,7,17,18,21,,,,,,,,,,,,,,,,,,,,,,,,,,,,
USC 419,SGB,,7,9,9,2,,,,,,,,,,,,,,,,,,,,,,,,,,,,
USC 527,SGB,,13,13,9,13,,,,,,,,,,,,,,,,,,,,,,,,,,,,
USC 704,SGB,,8,28,22,17,,,,,,,,,,,,,,,,,,,,,,,,,,,,
USC 705,SGB,,,7,8,19,,,,,,,,,,,,,,,,,,,,,,,,,,,,
UUC 001,SGB,30,,,,,,,,,,,,,,,,,,,,,,,,,,,,,,,,
UUC 002,SGB,18,,,,,,,,,,,,,,,,,,,,,,,,,,,,,,,,
UUC 003,SGB,29,,,,,,,,,,,,,,,,,,,,,,,,,,,,,,,,
WHC 366,SGB,,,,9,29,,,,,,,,,,,,,,,,,,,,,,,,,,,,
WHC 367,SGB,,,,6,20,,,,,,,,,,,,,,,,,,,,,,,,,,,,
WHC 374,SGB,33,,,,,,,,,,,,,,,,,,,,,,,,,,,,,,,,
WRC 343,SGB,,,,0,8,,,,,,,,,,,,,,,,,,,,,,,,,,,,
WRC 345,SGB,63,,,,,,,,,,,,,,,,,,,,,,,,,,,,,,,,
WRC 351,SGB,,,,9,0,,,,,,,,,,,,,,,,,,,,,,,,,,,,
WUC 006,SGB,,,,,,,,,,,,,,,,,,,,,,,,,,,0,3,4,3,6,3,
WUC 008,SGB,,,,,,,,,,,,,,,,,,,,,,,,,,,3,4,2,2,2,3,
YDC 704,SGB,16,,,,,,,,,,,,,,,,,,,,,,,,,,,,,,,,
YDC 707,SGB,6,,,,,,,,,,,,,,,,,,,,,,,,,,,,,,,,
YDC 709,SGB,29,,,,,,,,,,,,,,,,,,,,,,,,,,,,,,,,
YDC 817,SGB,39,,,,,,,,,,,,,,,,,,,,,,,,,,,,,,,,
YDC 818,SGB,56,,,,,,,,,,,,,,,,,,,,,,,,,,,,,,,,
YIC 423,SGB,31,,,,,,,,,,,,,,,,,,,,,,,,,,,,,,,,
YIC 424,SGB,9,,,,,,,,,,,,,,,,,,,,,,,,,,,,,,,,
YIC 425,SGB,28,,,,,,,,,,,,,,,,,,,,,,,,,,,,,,,,
YIC 426,SGB,13,,,,,,,,,,,,,,,,,,,,,,,,,,,,,,,,
YIC 427,SGB,25,,,,,,,,,,,,,,,,,,,,,,,,,,,,,,,,
YIC 430,SGB,94,,,,,,,,,,,,,,,,,,,,,,,,,,,,,,,,
YIC 432,SGB,18,,,,,,,,,,,,,,,,,,,,,,,,,,,,,,,,
YIC 434,SGB,36,,,,,,,,,,,,,,,,,,,,,,,,,,,,,,,,
YIC 435,SGB,70,,,,,,,,,,,,,,,,,,,,,,,,,,,,,,,,
YIC 436,SGB,65,,,,,,,,,,,,,,,,,,,,,,,,,,,,,,,,
YIC 437,SGB,17,,,,,,,,,,,,,,,,,,,,,,,,,,,,,,,,
YPC 105,SGB,,,,,,,,,,,,,,,,,,,,,,,,,,,,5,5,5,5,2,
YPC 106,SGB,,,,,,,,,,,,,,,,,,,,,,,,,,,4,5,5,3,5,1,
YPC 107,SGB,,,,,,,,,,,,,,,,,,,,,,,,,,,3,2,5,7,3,3,
YSC 670,SGB,26,,,,,,,,,,,,,,,,,,,,,,,,,,,,,,,,
YSC 672,SGB,20,,,,,,,,,,,,,,,,,,,,,,,,,,,,,,,,
YSC 674,SGB,39,,,,,,,,,,,,,,,,,,,,,,,,,,,,,,,,
YSC 675,SGB,27,,,,,,,,,,,,,,,,,,,,,,,,,,,,,,,,
YSC 678,SGB,32,,,,,,,,,,,,,,,,,,,,,,,,,,,,,,,,
