Kode Barang,Warna,   AS,   S,  M, L, XL, XXL,02,04,06,08,10,12,14,16,18,20,21,22,23,24,25,26,27,28,29,30,31,32,33,34,35,36,37,38,39,40,41,42,43,44,45
AAN 211,MRH,,,,,,,,,,,,,,,,,,,,,,,,,,,,,,,,2,3,2,1,6,,,,,
AAN 212,HTM,,,,,,,,,,,,,,,,,,3,4,3,4,3,0,,,,,,,,,,,,,,,,,,
AAN 213,SGB,,,,,,,,,,,,,,,,,,,,,4,4,2,2,0,1,,,,,,,,,,,,,,,
ABA 020,CKLTUA,,,,,,,,,,,,,,,,,,,,,,,,,,,,,,,,5,3,3,3,2,,,,,
ABM 127,SGB,,,,,,,,,,,,,,,,,,,,,,,,,,,,,,,,,,5,5,8,8,5,3,,
ABM 128,SGB,,,,,,,,,,,,,,,,,,,,,,,,,,,,,,,,,,,3,5,6,8,3,,
ACN 922,SGB,,,,,,,,,,,,,,,,,,,,,,,,,,,,,,,,5,2,2,1,2,,,,,
ADE 400,ABU,,,,15,6,,,,,,,,,,,,,,,,,,,,,,,,,,,,,,,,,,,,
ADN 688,CKL,,,9,10,10,,,,,,,,,,,,,,,,,,,,,,,,,,,,,,,,,,,,
ADN 689,UNG,,,9,13,8,,,,,,,,,,,,,,,,,,,,,,,,,,,,,,,,,,,,
ADN 690,HIJKOM,,,7,18,10,,,,,,,,,,,,,,,,,,,,,,,,,,,,,,,,,,,,
ADN 691,MRH,,,8,7,12,,,,,,,,,,,,,,,,,,,,,,,,,,,,,,,,,,,,
AGL 433,SGB,20,,,,,,,,,,,,,,,,,,,,,,,,,,,,,,,,,,,,,,,,
AGL 437,SGB,13,,,,,,,,,,,,,,,,,,,,,,,,,,,,,,,,,,,,,,,,
AGL 620,SGB,42,,,,,,,,,,,,,,,,,,,,,,,,,,,,,,,,,,,,,,,,
AGM 787,SGB,26,,,,,,,,,,,,,,,,,,,,,,,,,,,,,,,,,,,,,,,,
AGM 788,SGB,5,,,,,,,,,,,,,,,,,,,,,,,,,,,,,,,,,,,,,,,,
AGS 216,SGB,26,,,,,,,,,,,,,,,,,,,,,,,,,,,,,,,,,,,,,,,,
AGS 223,SGB,0,,,,,,,,,,,,,,,,,,,,,,,,,,,,,,,,,,,,,,,,
AGS 224,SGB,10,,,,,,,,,,,,,,,,,,,,,,,,,,,,,,,,,,,,,,,,
AGS 226,SGB,11,,,,,,,,,,,,,,,,,,,,,,,,,,,,,,,,,,,,,,,,
AGS 350,SGB,1,,,,,,,,,,,,,,,,,,,,,,,,,,,,,,,,,,,,,,,,
AGS 351,SGB,27,,,,,,,,,,,,,,,,,,,,,,,,,,,,,,,,,,,,,,,,
AGS 352,SGB,45,,,,,,,,,,,,,,,,,,,,,,,,,,,,,,,,,,,,,,,,
AGS 353,SGB,46,,,,,,,,,,,,,,,,,,,,,,,,,,,,,,,,,,,,,,,,
AGS 354,SGB,18,,,,,,,,,,,,,,,,,,,,,,,,,,,,,,,,,,,,,,,,
AGS 355,SGB,21,,,,,,,,,,,,,,,,,,,,,,,,,,,,,,,,,,,,,,,,
AGS 356,SGB,25,,,,,,,,,,,,,,,,,,,,,,,,,,,,,,,,,,,,,,,,
AHD 702,SGB,53,,,,,,,,,,,,,,,,,,,,,,,,,,,,,,,,,,,,,,,,
AHD 703,SGB,47,,,,,,,,,,,,,,,,,,,,,,,,,,,,,,,,,,,,,,,,
AHD 704,SGB,56,,,,,,,,,,,,,,,,,,,,,,,,,,,,,,,,,,,,,,,,
AHD 705,SGB,23,,,,,,,,,,,,,,,,,,,,,,,,,,,,,,,,,,,,,,,,
AHD 707,MRH,29,,,,,,,,,,,,,,,,,,,,,,,,,,,,,,,,,,,,,,,,
AJG 216,SGB,,,,,,,,,,,,,,,,,,,,,,,,,,,,,,,,1,5,5,4,1,,,,,
AJG 218,SGB,,,,,,,,,,,,,,,,,,,,,,,,,,,,,,,,4,5,5,6,3,,,,,
AJG 219,SGB,,,,,,,,,,,,,,,,,,,,,,,,,,,,,,,,4,6,8,8,6,,,,,
AJG 220,SGB,,,,,,,,,,,,,,,,,,,,,,,,,,,,,,,,2,5,3,6,3,,,,,
AJG 221,SGB,,,,,,,,,,,,,,,,,,,,,,,,,,,,,,,,5,6,4,4,5,,,,,
AJG 223,SGB,,,,,,,,,,,,,,,,,,,,,,,,,,,,,,,,5,8,6,7,3,,,,,
AJG 224,SGB,,,,,,,,,,,,,,,,,,,,,,,,,,,,,,,,3,3,5,2,3,,,,,
AJG 225,SGB,,,,,,,,,,,,,,,,,,,,,,,,,,,,,,,,3,3,5,4,4,,,,,
AJG 301,SGB,,,,,,,,,,,,,,,,,,,,,,,,,,,,,,,,3,5,1,5,0,,,,,
AKM 281,SGB,,,,,,,,,,,,,,,,,,,,,,,,,,,,,,,,,,2,4,1,2,3,2,,
AKM 283,SGB,,,,,,,,,,,,,,,,,,,,,,,,,,,,,,,,,,4,6,4,3,4,3,,
AKM 284,SGB,,,,,,,,,,,,,,,,,,,,,,,,,,,,,,,,,,2,5,4,2,2,3,,
AKM 286,SGB,,,,,,,,,,,,,,,,,,,,,,,,,,,,3,5,6,5,5,3,,,,,,,,
AKM 287,OLIP,,,,,,,,,,,,,,,,,,,,,,,,,,,,,,,,,,3,2,0,3,5,4,,
AKM 288,CKL,,,,,,,,,,,,,,,,,,,,,,,,,,,,,,,,,,4,4,3,3,5,4,,
AKM 289,CKLTUA,,,,,,,,,,,,,,,,,,,,,,,,,,,,,,,,,,2,4,5,4,3,3,,
AKR 378,SGB,16,,,,,,,,,,,,,,,,,,,,,,,,,,,,,,,,,,,,,,,,
AKR 379,CKL,19,,,,,,,,,,,,,,,,,,,,,,,,,,,,,,,,,,,,,,,,
ALS 120,SGB,16,,,,,,,,,,,,,,,,,,,,,,,,,,,,,,,,,,,,,,,,
ALS 122,SGB,22,,,,,,,,,,,,,,,,,,,,,,,,,,,,,,,,,,,,,,,,
ALX 705,SGB,,,5,7,13,6,,,,,,,,,,,,,,,,,,,,,,,,,,,,,,,,,,,
ALX 706,SGB,,,28,11,14,10,,,,,,,,,,,,,,,,,,,,,,,,,,,,,,,,,,,
ALX 718,SGB,,7,6,8,6,,,,,,,,,,,,,,,,,,,,,,,,,,,,,,,,,,,,
ALX 719,SGB,,6,13,19,11,,,,,,,,,,,,,,,,,,,,,,,,,,,,,,,,,,,,
ALX 728,SGB,,5,2,4,7,,,,,,,,,,,,,,,,,,,,,,,,,,,,,,,,,,,,
ALX 730,SGB,,6,6,20,8,,,,,,,,,,,,,,,,,,,,,,,,,,,,,,,,,,,,
ALX 737,SGB,,,5,6,8,1,,,,,,,,,,,,,,,,,,,,,,,,,,,,,,,,,,,
ALX 739,SGB,,,9,9,4,1,,,,,,,,,,,,,,,,,,,,,,,,,,,,,,,,,,,
ALX 741,CKLTUA,,12,13,14,8,,,,,,,,,,,,,,,,,,,,,,,,,,,,,,,,,,,,
AMU 009,SGB,,,,,,,,,,,,,,,,,,,,,,,,,,,6,1,6,0,2,,,,,,,,,,
AMU 010,SGB,,,,,,,,,,,,,,,,,,,,,,0,1,0,0,0,3,0,0,2,0,,,,,,,,,,
ANR 504,SGB,,,,,,,,,,,,,,,,,,,,,,,,,,,5,2,4,1,1,0,,,,,,,,,
ANW 357,SGB,9,,,,,,,,,,,,,,,,,,,,,,,,,,,,,,,,,,,,,,,,
ANW 358,SGB,4,,,,,,,,,,,,,,,,,,,,,,,,,,,,,,,,,,,,,,,,
ANW 360,SGB,8,,,,,,,,,,,,,,,,,,,,,,,,,,,,,,,,,,,,,,,,
ANW 369,SGB,,,,7,6,,,,,,,,,,,,,,,,,,,,,,,,,,,,,,,,,,,,
ANW 370,SGB,,,,8,11,,,,,,,,,,,,,,,,,,,,,,,,,,,,,,,,,,,,
ARB 315,SGB,,,,,,,,,,,,,,,,,,,,,,,,,,,,,,,,,,,5,4,6,7,3,,
ARB 316,SGB,,,,,,,,,,,,,,,,,,,,,,,,,,,,,,,,,,,6,6,1,6,4,,
ARB 317,SGB,,,,,,,,,,,,,,,,,,,,,,,,,,,,,,,,,,,2,3,2,2,3,,
ARB 318,SGB,,,,,,,,,,,,,,,,,,,,,,,,,,,,,,,,,,,1,5,7,4,3,,
ARB 319,SGB,,,,,,,,,,,,,,,,,,,,,,,,,,,,,,,,,,,6,9,5,9,7,,
ARB 320,SGB,,,,,,,,,,,,,,,,,,,,,,,,,,,,,,,,,,,4,3,4,3,3,,
ARB 321,SGB,,,,,,,,,,,,,,,,,,,,,,,,,,,,,,,,,,,4,4,1,1,1,,
ARB 322,SGB,,,,,,,,,,,,,,,,,,,,,,,,,,,,,,,,,,,5,5,5,5,4,,
ARB 323,SGB,,,,,,,,,,,,,,,,,,,,,,,,,,,,,,,,,,,4,4,4,5,3,,
ARS 919,SGB,,,,,,,,,,,,,,,,,,,,,,,,,,,,,,,,,,0,6,6,4,7,2,,
ARS 920,SGB,,,,,,,,,,,,,,,,,,,,,,,,,,,,,,,,,,5,4,5,6,6,4,,
ARS 923,SGB,,,,,,,,,,,,,,,,,,,,,,,,,,,,,,,,,,3,4,7,3,2,4,,
ARS 925,SGB,,,,,,,,,,,,,,,,,,,,,,,,,,,,,,,,,,1,2,3,5,3,3,,
ART 290,SGB,,,,,,,,,,,,,,,,,,,,,,,,,,,,,,,,,,4,7,8,5,8,5,,
ART 291,SGB,,,,,,,,,,,,,,,,,,,,,,,,,,,,,,,,,,3,4,4,4,4,5,,
ART 292,SGB,,,,,,,,,,,,,,,,,,,,,,,,,,,,,,,,,,4,4,3,4,1,4,,
ART 293,SGB,,,,,,,,,,,,,,,,,,,,,,,,,,,,,,,,,,3,3,2,2,2,5,,
ART 294,SGB,,,,,,,,,,,,,,,,,,,,,,,,,,,,,,,,,,5,4,4,4,4,3,,
ART 295,SGB,,,,,,,,,,,,,,,,,,,,,,,,,,,,,,,,,,1,0,3,9,4,1,,
ART 296,SGB,,,,,,,,,,,,,,,,,,,,,,,,,,,,,,,,,,2,7,4,3,3,3,,
ART 298,SGB,,,,,,,,,,,,,,,,,,,,,,,,,,,,,,,,,,1,3,1,4,3,3,,
ART 299,SGB,,,,,,,,,,,,,,,,,,,,,,,,,,,,,,,,,,1,4,2,4,4,3,,
ART 300,SGB,,,,,,,,,,,,,,,,,,,,,,,,,,,,,,,,,,,3,3,2,3,3,,
ART 301,SGB,,,,,,,,,,,,,,,,,,,,,,,,,,,,,,,,,,2,5,1,2,4,3,,
ASS 944,SGB,,,,,,,,,,,,,,,,,,,,,,,,,,,,,,,,,,3,4,5,3,8,3,,
ASS 945,SGB,,,,,,,,,,,,,,,,,,,,,,,,,,,,,,,,,,4,7,6,6,5,2,,
ASS 950,SGB,,,,,,,,,,,,,,,,,,,,,,,,,,,,,,,,,,3,4,7,5,5,2,,
ASS 951,SGB,,,,,,,,,,,,,,,,,,,,,,,,,,,,,,,,,,4,5,4,5,5,4,,
ASS 952,SGB,,,,,,,,,,,,,,,,,,,,,,,,,,,4,3,2,3,4,,,,,,,,,,
ATM 650,SGB,,,,,,,,,,,,,,,,,,,,,,,,,,,,,,,,,,4,6,4,4,5,3,,
ATM 651,SGB,,,,,,,,,,,,,,,,,,,,,,,,,,,,,,,,,,2,1,5,6,5,3,,
ATM 652,SGB,,,,,,,,,,,,,,,,,,,,,,,,,,,,,,,,,,4,6,4,3,5,4,,
ATM 653,SGB,,,,,,,,,,,,,,,,,,,,,,,,,,,,,,,,,,3,3,5,8,7,5,,
AYI 101,SGB,,,,,,,,,,,,,,,,,,,,,,,,,,,,,,,,,,2,3,1,4,5,2,,
AZL 124,SGB,70,,,,,,,,,,,,,,,,,,,,,,,,,,,,,,,,,,,,,,,,
BAB 212,SGB,,,,,,,,,,,,,,,,,,,,,,,,,,,,,,,,4,8,7,9,6,,,,,
BAB 216,SGB,,,,,,,,,,,,,,,,,,,,,,,,,,,,,,,,1,-1,2,2,1,,,,,
BAB 219,SGB,,,,,,,,,,,,,,,,,,,,,,,,,,,,,,,,3,2,1,2,1,,,,,
BAB 220,SGB,,,,,,,,,,,,,,,,,,,,,,,,,,,,,,,,2,3,5,2,3,,,,,
BAB 221,SGB,,,,,,,,,,,,,,,,,,,,,,,,,,,,,,,,4,1,3,-1,0,,,,,
BAB 222,SGB,,,,,,,,,,,,,,,,,,,,,,,,,,,,,,,,1,1,0,0,0,,,,,
BAB 223,SGB,,,,,,,,,,,,,,,,,,,,,,,,,,,,,,,,5,12,6,7,1,,,,,
BAB 224,SGB,,,,,,,,,,,,,,,,,,,,,,4,7,6,6,7,,,,,,,,,,,,,,,
BAB 226,SGB,,,,,,,,,,,,,,,,,,,,,,,,,,,,,,,,3,3,0,2,1,,,,,
BAB 227,SGB,,,,,,,,,,,,,,,,,,,,,,0,0,3,4,0,,,,,,,,,,,,,,,
BAB 228,SGB,,,,,,,,,,,,,,,,,,,,,,3,4,6,4,3,,,,,,,,,,,,,,,
BAB 229,SGB,,,,,,,,,,,,,,,,,,,,,,3,4,4,4,0,,,,,,,,,,,,,,,
BDW 450,SGB,49,,,,,,,,,,,,,,,,,,,,,,,,,,,,,,,,,,,,,,,,
BDW 453,SGB,17,,,,,,,,,,,,,,,,,,,,,,,,,,,,,,,,,,,,,,,,
BDW 454,SGB,19,,,,,,,,,,,,,,,,,,,,,,,,,,,,,,,,,,,,,,,,
BDW 456,SGB,11,,,,,,,,,,,,,,,,,,,,,,,,,,,,,,,,,,,,,,,,
BDW 457,SGB,36,,,,,,,,,,,,,,,,,,,,,,,,,,,,,,,,,,,,,,,,
BDW 458,SGB,41,,,,,,,,,,,,,,,,,,,,,,,,,,,,,,,,,,,,,,,,
BDW 459,SGB,31,,,,,,,,,,,,,,,,,,,,,,,,,,,,,,,,,,,,,,,,
BDW 460,SGB,23,,,,,,,,,,,,,,,,,,,,,,,,,,,,,,,,,,,,,,,,
BDW 461,SGB,24,,,,,,,,,,,,,,,,,,,,,,,,,,,,,,,,,,,,,,,,
BDW 462,SGB,25,,,,,,,,,,,,,,,,,,,,,,,,,,,,,,,,,,,,,,,,
BJB 001,SGB,,,,,,,,,,,,,,,,,,,,,,,,,,,,,,,,,,2,4,2,3,4,3,,
BJB 002,SGB,,,,,,,,,,,,,,,,,,,,,,,,,,,,,,,,,,3,3,3,3,5,4,,
BJB 003,SGB,,,,,,,,,,,,,,,,,,,,,,,,,,,,,,,,,,5,12,7,6,9,6,,
BJB 004,SGB,,,,,,,,,,,,,,,,,,,,,,,,,,,,,,,,,,4,5,6,7,2,3,,
BJB 005,SGB,,,,,,,,,,,,,,,,,,,,,,,,,,,,,,,,,,6,4,3,4,5,4,,
BJB 006,SGB,,,,,,,,,,,,,,,,,,,,,,,,,,,,,,,,,,6,8,7,6,3,3,,
BJB 008,SGB,,,,,,,,,,,,,,,,,,,,,,,,,,,,,,,,,,7,1,0,3,2,4,,
BJB 009,SGB,,,,,,,,,,,,,,,,,,,,,,,,,,,,,,,,,,5,2,4,6,2,3,,
BJB 010,SGB,,,,,,,,,,,,,,,,,,,,,,,,,,,,,,,,,,4,4,4,8,5,5,,
BJB 012,SGB,,,,,,,,,,,,,,,,,,,,,,,,,,,,,,,,,,3,3,3,6,1,3,,
BJB 013,SGB,,,,,,,,,,,,,,,,,,,,,,,,,,,,,,,,,,3,4,4,3,2,4,,
BJB 014,SGB,,,,,,,,,,,,,,,,,,,,,,,,,,,,,,,,,,2,2,6,3,4,2,,
BJB 015,SGB,,,,,,,,,,,,,,,,,,,,,,,,,,,,,,,,,,4,5,6,6,4,2,,
BJB 018,SGB,,,,,,,,,,,,,,,,,,,,,,,,,,,,,,,,,,2,8,1,4,6,2,,
BJB 019,SGB,,,,,,,,,,,,,,,,,,,,,,,,,,,,,,,,,,3,4,2,1,7,2,,
BJB 020,SGB,,,,,,,,,,,,,,,,,,,,,,,,,,,,,,,,,,5,8,7,8,4,8,,
BJB 021,SGB,,,,,,,,,,,,,,,,,,,,,,,,,,,,,,,,,,5,6,6,6,7,8,,
BJB 022,SGB,,,,,,,,,,,,,,,,,,,,,,,,,,,,,,,,,,5,7,6,5,2,6,,
BJB 023,SGB,,,,,,,,,,,,,,,,,,,,,,,,,,,,,,,,,,3,3,2,4,2,5,,
BJB 024,SGB,,,,,,,,,,,,,,,,,,,,,,,,,,,,,,,,,,5,5,6,3,1,3,,
BJB 025,SGB,,,,,,,,,,,,,,,,,,,,,,,,,,,,,,,,,,2,3,4,2,4,1,,
BJB 714,SGB,,,,,,,,,,,,,,,,,,,,,,,,,,,,,,,,,,3,4,6,3,1,4,,
BJB 716,SGB,,,,,,,,,,,,,,,,,,,,,,,,,,,,,,,,,,4,1,2,2,4,2,,
BJB 718,SGB,,,,,,,,,,,,,,,,,,,,,,,,,,,,,,,,,,1,4,3,3,4,4,,
BJB 719,SGB,,,,,,,,,,,,,,,,,,,,,,,,,,,,,,,,,,2,4,3,5,4,5,,
BJB 732,SGB,,,,,,,,,,,,,,,,,,,,,,,,,,,,,,,,,,5,5,4,11,8,5,,
BJB 739,SGB,,,,,,,,,,,,,,,,,,,,,,,,,,,,,,,,,,3,5,6,4,4,3,,
BJB 742,SGB,,,,,,,,,,,,,,,,,,,,,,,,,,,,,,,,,,4,5,2,4,4,3,,
BJF 021,SGB,,,,,,,,,,,,,,,,,,,,,,,,,,,,,,,,,,3,3,3,5,4,3,,
BJF 022,SGB,,,,,,,,,,,,,,,,,,,,,,,,,,,,,,,,,,3,7,5,4,4,4,,
BJF 023,SGB,,,,,,,,,,,,,,,,,,,,,,,,,,,,,,,,,,2,3,4,4,4,4,,
BJF 143,SGB,,,,,,,,,,,,,,,,,,,,,,,,,,,,,,,,,,3,1,2,4,3,2,,
BJF 144,SGB,,,,,,,,,,,,,,,,,,,,,,,,,,,,,,,,,,3,1,5,4,3,3,,
BJF 145,SGB,,,,,,,,,,,,,,,,,,,,,,,,,,,,,,,,,,1,4,1,4,3,5,,
BJF 146,SGB,,,,,,,,,,,,,,,,,,,,,,,,,,,,,,,,,,3,6,6,6,6,3,,
BJF 147,SGB,,,,,,,,,,,,,,,,,,,,,,,,,,,,,,,,,,4,2,2,5,3,4,,
BJF 148,SGB,,,,,,,,,,,,,,,,,,,,,,,,,,,,,,,,,,3,4,4,5,3,4,,
BJF 253,SGB,,,,,,,,,,,,,,,,,,,,,,,,,,,,,,,,,,2,2,2,4,2,2,,
BJI 600,SGB,,,,,,,,,,,,,,,,,,,,,,,,,,,,,,,,4,6,5,5,4,,,,,
BJI 601,SGB,,,,,,,,,,,,,,,,,,,,,,,,,,,,,,,,4,7,6,3,3,,,,,
BJI 602,SGB,,,,,,,,,,,,,,,,,,,,,,,,,,,,,,,,3,1,2,4,3,,,,,
BJI 603,SGB,,,,,,,,,,,,,,,,,,,,,,,,,,,,,,,,8,3,11,5,10,,,,,
BJI 604,SGB,,,,,,,,,,,,,,,,,,,,,,,,,,,,,,,,6,5,5,5,4,,,,,
BJI 605,SGB,,,,,,,,,,,,,,,,,,,,,,,,,,,,,,,,2,4,4,3,2,,,,,
BJI 606,SGB,,,,,,,,,,,,,,,,,,,,,,,,,,,,,,,,3,5,1,2,2,,,,,
BJI 607,SGB,,,,,,,,,,,,,,,,,,,,,,,,,,,,,,,,4,7,4,7,7,,,,,
BJI 609,SGB,,,,,,,,,,,,,,,,,,,,,,,,,,,,,,,,6,2,5,5,7,,,,,
BJI 610,SGB,,,,,,,,,,,,,,,,,,,,,,,,,,,,,,,,4,4,7,6,5,,,,,
BJI 612,SGB,,,,,,,,,,,,,,,,,,,,,,,,,,,,,,,,2,7,3,5,3,,,,,
BJI 613,SGB,,,,,,,,,,,,,,,,,,,,,,,,,,,,,,,,4,3,6,6,3,,,,,
BJI 616,SGB,,,,,,,,,,,,,,,,,,,,,,,,,,,,,,,,4,4,1,4,1,,,,,
BJI 618,SGB,,,,,,,,,,,,,,,,,,,,,,,,,,,,,,,,2,7,6,11,7,,,,,
BJI 619,SGB,,,,,,,,,,,,,,,,,,,,,,,,,,,,,,,,2,4,6,4,1,,,,,
BJI 620,SGB,,,,,,,,,,,,,,,,,,,,,,,,,,,,,,,,9,6,8,3,3,,,,,
BJI 622,SGB,,,,,,,,,,,,,,,,,,,,,,,,,,,,,,,,4,5,3,4,4,,,,,
BJI 623,SGB,,,,,,,,,,,,,,,,,,,,,,,,,,,,,,,,5,7,10,8,9,,,,,
BJI 633,SGB,,,,,,,,,,,,,,,,,,,,,,,,,,,,,,,,4,2,10,0,3,,,,,
BJI 634,SGB,,,,,,,,,,,,,,,,,,,,,,,,,,,,,,,,4,7,9,5,5,,,,,
BJI 641,SGB,,,,,,,,,,,,,,,,,,,,,,,,,,,,,,,,10,8,3,10,0,,,,,
BJI 642,SGB,,,,,,,,,,,,,,,,,,,,,,,,,,,,,,,,15,8,11,12,14,,,,,
BJI 643,HTM,,,,,,,,,,,,,,,,,,,,,,,,,,,,,,,,2,5,5,6,4,,,,,
BJI 644,SGB,,,,,,,,,,,,,,,,,,,,,,,,,,,,,,,,2,3,1,3,1,,,,,
BJI 645,SGB,,,,,,,,,,,,,,,,,,,,,,,,,,,,,,,,3,4,3,4,0,,,,,
BJI 646,SGB,,,,,,,,,,,,,,,,,,,,,,,,,,,,,,,,2,0,2,3,4,,,,,
BJI 647,SGB,,,,,,,,,,,,,,,,,,,,,,,,,,,,,,,,3,3,4,1,2,,,,,
BJI 648,SGB,,,,,,,,,,,,,,,,,,,,,,,,,,,,,,,,0,0,1,0,1,,,,,
BJI 814,SGB,,,,,,,,,,,,,,,,,,,,,,,,,,,,,,,,3,3,4,7,3,,,,,
BNI 005,SGB,,,,,,,,,,,,,,,,,,,,,,,,,,,,3,3,3,3,1,3,,,,,,,,
BNI 007,SGB,,,,,,,,,,,,,,,,,,,,,,,,,,,,,,,,,,3,3,4,4,3,4,,
BNI 008,SGB,,,,,,,,,,,,,,,,,,,,,,,,,,,,2,3,4,4,7,6,,,,,,,,
BNI 009,SGB,,,,,,,,,,,,,,,,,,,,,,,,,,,,4,3,3,2,2,4,,,,,,,,
BNI 010,SGB,,,,,,,,,,,,,,,,,,,,,,,,,,,,6,1,5,5,5,4,,,,,,,,
BNI 011,SGB,,,,,,,,,,,,,,,,,,,,,,,,,,,,4,4,4,3,4,2,,,,,,,,
BRI 101,SGB,13,,,,,,,,,,,,,,,,,,,,,,,,,,,,,,,,,,,,,,,,
BRI 102,SGB,24,,,,,,,,,,,,,,,,,,,,,,,,,,,,,,,,,,,,,,,,
BTS 709,SGB,16,,,,,,,,,,,,,,,,,,,,,,,,,,,,,,,,,,,,,,,,
BTS 710,SGB,10,,,,,,,,,,,,,,,,,,,,,,,,,,,,,,,,,,,,,,,,
BTS 712,SGB,33,,,,,,,,,,,,,,,,,,,,,,,,,,,,,,,,,,,,,,,,
BTS 715,SGB,28,,,,,,,,,,,,,,,,,,,,,,,,,,,,,,,,,,,,,,,,
BTS 718,SGB,45,,,,,,,,,,,,,,,,,,,,,,,,,,,,,,,,,,,,,,,,
BTS 719,SGB,38,,,,,,,,,,,,,,,,,,,,,,,,,,,,,,,,,,,,,,,,
BTS 720,SGB,35,,,,,,,,,,,,,,,,,,,,,,,,,,,,,,,,,,,,,,,,
BTS 721,SGB,16,,,,,,,,,,,,,,,,,,,,,,,,,,,,,,,,,,,,,,,,
BTS 722,SGB,13,,,,,,,,,,,,,,,,,,,,,,,,,,,,,,,,,,,,,,,,
BTS 723,SGB,37,,,,,,,,,,,,,,,,,,,,,,,,,,,,,,,,,,,,,,,,
BTS 724,SGB,21,,,,,,,,,,,,,,,,,,,,,,,,,,,,,,,,,,,,,,,,
BTS 725,SGB,28,,,,,,,,,,,,,,,,,,,,,,,,,,,,,,,,,,,,,,,,
BTS 727,SGB,37,,,,,,,,,,,,,,,,,,,,,,,,,,,,,,,,,,,,,,,,
BTS 728,SGB,25,,,,,,,,,,,,,,,,,,,,,,,,,,,,,,,,,,,,,,,,
BTS 729,SGB,27,,,,,,,,,,,,,,,,,,,,,,,,,,,,,,,,,,,,,,,,
BTS 730,SGB,34,,,,,,,,,,,,,,,,,,,,,,,,,,,,,,,,,,,,,,,,
BTS 731,SGB,30,,,,,,,,,,,,,,,,,,,,,,,,,,,,,,,,,,,,,,,,
BTS 732,SGB,27,,,,,,,,,,,,,,,,,,,,,,,,,,,,,,,,,,,,,,,,
BTS 733,SGB,29,,,,,,,,,,,,,,,,,,,,,,,,,,,,,,,,,,,,,,,,
CNZ 780,SGB,,,,,,,,,,,,,,,,,,,,,,,,,,,,,,,,3,7,5,3,6,,,,,
CNZ 781,SGB,,,,,,,,,,,,,,,,,,,,,,,,,,,,,,,,5,7,3,3,1,,,,,
CNZ 783,SGB,,,,,,,,,,,,,,,,,,,,,,,,,,,0,4,6,0,3,1,,,,,,,,,
CNZ 784,SGB,,,,,,,,,,,,,,,,,,,,,,,,,,,4,2,2,5,6,1,,,,,,,,,
CNZ 785,SGB,,,,,,,,,,,,,,,,,,,,,,,,,,,14,8,7,9,6,5,,,,,,,,,
CNZ 786,SGB,,,,,,,,,,,,,,,,,,,,,,,,,,,3,1,5,6,1,6,,,,,,,,,
CNZ 787,SGB,,,,,,,,,,,,,,,,,,,,,,,,,,,0,0,2,1,4,4,,,,,,,,,
CNZ 788,SGB,,,,,,,,,,,,,,,,,,,,,,,,,,,1,2,0,2,3,3,,,,,,,,,
CNZ 789,SGB,,,,,,,,,,,,,,,,,,,,,,,,,,,3,5,2,7,6,3,,,,,,,,,
CNZ 790,SGB,,,,,,,,,,,,,,,,,,,,,,,,,,,1,0,0,1,2,,,,,,,,,,
CPS 819,SGB,29,,,,,,,,,,,,,,,,,,,,,,,,,,,,,,,,,,,,,,,,
CPS 823,SGB,41,,,,,,,,,,,,,,,,,,,,,,,,,,,,,,,,,,,,,,,,
CPS 825,SGB,55,,,,,,,,,,,,,,,,,,,,,,,,,,,,,,,,,,,,,,,,
DAN 222,SGB,23,,,,,,,,,,,,,,,,,,,,,,,,,,,,,,,,,,,,,,,,
DDN 525,SGB,,,,7,6,,,,,,,,,,,,,,,,,,,,,,,,,,,,,,,,,,,,
DDN 527,SGB,,,,23,11,,,,,,,,,,,,,,,,,,,,,,,,,,,,,,,,,,,,
DDN 537,SGB,,,,23,15,,,,,,,,,,,,,,,,,,,,,,,,,,,,,,,,,,,,
DDN 544,SGB,,,,11,17,,,,,,,,,,,,,,,,,,,,,,,,,,,,,,,,,,,,
DDN 545,SGB,,,,25,23,,,,,,,,,,,,,,,,,,,,,,,,,,,,,,,,,,,,
DDN 546,SGB,,,,9,9,,,,,,,,,,,,,,,,,,,,,,,,,,,,,,,,,,,,
DDN 548,SGB,,,4,10,8,2,,,,,,,,,,,,,,,,,,,,,,,,,,,,,,,,,,,
DDN 549,SGB,,,,8,29,,,,,,,,,,,,,,,,,,,,,,,,,,,,,,,,,,,,
DDN 550,SGB,,,,,,,,,,12,29,,,,,,,,,,,,,,,,,,,,,,,,,,,,,,
DDN 551,SGB,,,,,,,,,,20,1,,,,,,,,,,,,,,,,,,,,,,,,,,,,,,
DDN 552,SGB,,,,,,,,,,16,13,,,,,,,,,,,,,,,,,,,,,,,,,,,,,,
DDN 553,SGB,,,,1,14,,,,,,,,,,,,,,,,,,,,,,,,,,,,,,,,,,,,
DDN 554,SGB,,,,12,14,,,,,,,,,,,,,,,,,,,,,,,,,,,,,,,,,,,,
DED 612,SGB,12,,,,,,,,,,,,,,,,,,,,,,,,,,,,,,,,,,,,,,,,
DED 613,SGB,23,,,,,,,,,,,,,,,,,,,,,,,,,,,,,,,,,,,,,,,,
DED 614,SGB,22,,,,,,,,,,,,,,,,,,,,,,,,,,,,,,,,,,,,,,,,
DED 615,SGB,24,,,,,,,,,,,,,,,,,,,,,,,,,,,,,,,,,,,,,,,,
DKI 601,SGB,57,,,,,,,,,,,,,,,,,,,,,,,,,,,,,,,,,,,,,,,,
DKI 605,SGB,126,,,,,,,,,,,,,,,,,,,,,,,,,,,,,,,,,,,,,,,,
DKI 606,SGB,85,,,,,,,,,,,,,,,,,,,,,,,,,,,,,,,,,,,,,,,,
DKI 607,SGB,70,,,,,,,,,,,,,,,,,,,,,,,,,,,,,,,,,,,,,,,,
DMS 322,SGB,,,,,,,,,,,,,,,,,,,,,,,,,,,,,,,,4,5,4,5,3,,,,,
DMS 323,SGB,,,,,,,,,,,,,,,,,,,,,,,,,,,,,,,,4,3,5,3,5,,,,,
DNR 631,SGB,35,,,,,,,,,,,,,,,,,,,,,,,,,,,,,,,,,,,,,,,,
DON 202,SGB,,,,,,,,,,,,,,,,,,,,,,,,,,,,,,,,3,4,4,3,3,,,,,
DON 203,SGB,,,,,,,,,,,,,,,,,,,,,,,,,,,,,,,,1,4,4,3,4,,,,,
DRA 100,SGB,,,19,9,,,,,,,,,,,,,,,,,,,,,,,,,,,,,,,,,,,,,
DSJ 911,SGB,,,8,6,5,,,,,,,,,,,,,,,,,,,,,,,,,,,,,,,,,,,,
DSJ 912,SGB,,,10,8,10,,,,,,,,,,,,,,,,,,,,,,,,,,,,,,,,,,,,
DSJ 913,SGB,,,9,11,6,,,,,,,,,,,,,,,,,,,,,,,,,,,,,,,,,,,,
DSJ 914,SGB,,,10,11,8,,,,,,,,,,,,,,,,,,,,,,,,,,,,,,,,,,,,
DSJ 915,SGB,,,11,11,12,,,,,,,,,,,,,,,,,,,,,,,,,,,,,,,,,,,,
FIX 815,SGB,,,,,,,,,,,,,,,,,,,,,,,,,,,,,,,,,,4,5,4,6,3,3,,
FIX 816,SGB,,,,,,,,,,,,,,,,,,,,,,,,,,,,,,,,,,3,7,7,3,8,3,,
FIX 817,SGB,,,,,,,,,,,,,,,,,,,,,,,,,,,,,,,,,,3,4,1,6,4,4,,
FJT 775,SGB,27,,,,,,,,,,,,,,,,,,,,,,,,,,,,,,,,,,,,,,,,
FJT 778,SGB,23,,,,,,,,,,,,,,,,,,,,,,,,,,,,,,,,,,,,,,,,
FJT 779,SGB,11,,,,,,,,,,,,,,,,,,,,,,,,,,,,,,,,,,,,,,,,
FZI 126,SGB,,,15,11,,,,,,,,,,,,,,,,,,,,,,,,,,,,,,,,,,,,,
FZI 127,SGB,,,9,15,,,,,,,,,,,,,,,,,,,,,,,,,,,,,,,,,,,,,
FZI 128,SGB,,,25,2,,,,,,,,,,,,,,,,,,,,,,,,,,,,,,,,,,,,,
FZI 996,SGB,,,22,7,,,,,,,,,,,,,,,,,,,,,,,,,,,,,,,,,,,,,
FZI 998,SGB,,,13,14,,,,,,,,,,,,,,,,,,,,,,,,,,,,,,,,,,,,,
FZI 999,SGB,,,12,19,,,,,,,,,,,,,,,,,,,,,,,,,,,,,,,,,,,,,
GLR 701,SGB,,,,,,,,,,,,,,,,,,,,,,,,,,,,,,,,,,6,6,5,4,3,2,,
GLR 705,SGB,,,,,,,,,,,,,,,,,,,,,,,,,,,,,,,,,,6,8,7,5,6,7,,
GLR 706,SGB,,,,,,,,,,,,,,,,,,,,,,,,,,,,,,,,,,3,4,3,3,5,5,,
GLR 707,SGB,,,,,,,,,,,,,,,,,,,,,,,,,,,,,,,,,,3,6,5,5,4,5,,
GLR 708,SGB,,,,,,,,,,,,,,,,,,,,,,,,,,,,,,,,,,3,2,5,4,3,4,,
GLR 709,SGB,,,,,,,,,,,,,,,,,,,,,,,,,,,,,,,,,,5,4,4,6,4,5,,
GLR 710,SGB,,,,,,,,,,,,,,,,,,,,,,,,,,,,5,7,4,5,5,4,,,,,,,,
GUS 309,SGB,,,,,,,,,,,,,,,,,,,,,,,,,,,,,,,,,,3,5,2,5,3,,,
GUS 310,SGB,,,,,,,,,,,,,,,,,,,,,,,,,,,,,,,,,,2,6,4,5,5,,,
GUS 311,SGB,,,,,,,,,,,,,,,,,,,,,,,,,,,,,,,,,,3,6,4,2,5,,,
GUS 312,SGB,,,,,,,,,,,,,,,,,,,,,,,,,,,,,,,,,,3,3,2,6,4,,,
GYO 503,SGB,92,,,,,,,,,,,,,,,,,,,,,,,,,,,,,,,,,,,,,,,,
GYO 504,SGB,9,,,,,,,,,,,,,,,,,,,,,,,,,,,,,,,,,,,,,,,,
GYO 507,SGB,39,,,,,,,,,,,,,,,,,,,,,,,,,,,,,,,,,,,,,,,,
GYO 511,SGB,35,,,,,,,,,,,,,,,,,,,,,,,,,,,,,,,,,,,,,,,,
HAD 511,SGB,,,22,14,,,,,,,,,,,,,,,,,,,,,,,,,,,,,,,,,,,,,
HAD 512,SGB,,,25,23,,,,,,,,,,,,,,,,,,,,,,,,,,,,,,,,,,,,,
HBB 484,SGB,14,,,,,,,,,,,,,,,,,,,,,,,,,,,,,,,,,,,,,,,,
HDH 500,SGB,,,,,,,,,,,,,,,,,,,,,,,,,,,,,,,,3,6,3,5,3,,,,,
HDH 501,SGB,,,,,,,,,,,,,,,,,,,,,,,,,,,,,,,,5,6,3,7,1,,,,,
HDH 502,SGB,,,,,,,,,,,,,,,,,,,,,,,,,,,,,,,,6,6,8,12,9,,,,,
HDH 503,SGB,,,,,,,,,,,,,,,,,,,,,,,,,,,,,,,,5,4,4,5,6,,,,,
HDN 831,SGB,26,,,,,,,,,,,,,,,,,,,,,,,,,,,,,,,,,,,,,,,,
HDN 836,SGB,159,,,,,,,,,,,,,,,,,,,,,,,,,,,,,,,,,,,,,,,,
HDN 859,SGB,30,,,,,,,,,,,,,,,,,,,,,,,,,,,,,,,,,,,,,,,,
HDN 865,SGB,90,,,,,,,,,,,,,,,,,,,,,,,,,,,,,,,,,,,,,,,,
HDN 866,SGB,48,,,,,,,,,,,,,,,,,,,,,,,,,,,,,,,,,,,,,,,,
HDN 867,SGB,43,,,,,,,,,,,,,,,,,,,,,,,,,,,,,,,,,,,,,,,,
HDN 868,SGB,2,,,,,,,,,,,,,,,,,,,,,,,,,,,,,,,,,,,,,,,,
HDN 869,SGB,26,,,,,,,,,,,,,,,,,,,,,,,,,,,,,,,,,,,,,,,,
HDN 872,SGB,17,,,,,,,,,,,,,,,,,,,,,,,,,,,,,,,,,,,,,,,,
HDN 875,SGB,17,,,,,,,,,,,,,,,,,,,,,,,,,,,,,,,,,,,,,,,,
HDN 878,SGB,24,,,,,,,,,,,,,,,,,,,,,,,,,,,,,,,,,,,,,,,,
HDN 879,SGB,23,,,,,,,,,,,,,,,,,,,,,,,,,,,,,,,,,,,,,,,,
HDN 880,SGB,21,,,,,,,,,,,,,,,,,,,,,,,,,,,,,,,,,,,,,,,,
HDN 881,SGB,22,,,,,,,,,,,,,,,,,,,,,,,,,,,,,,,,,,,,,,,,
HDN 882,SGB,65,,,,,,,,,,,,,,,,,,,,,,,,,,,,,,,,,,,,,,,,
HDN 883,SGB,34,,,,,,,,,,,,,,,,,,,,,,,,,,,,,,,,,,,,,,,,
HDN 884,SGB,31,,,,,,,,,,,,,,,,,,,,,,,,,,,,,,,,,,,,,,,,
HDN 885,SGB,18,,,,,,,,,,,,,,,,,,,,,,,,,,,,,,,,,,,,,,,,
HDN 886,SGB,52,,,,,,,,,,,,,,,,,,,,,,,,,,,,,,,,,,,,,,,,
HDN 887,SGB,30,,,,,,,,,,,,,,,,,,,,,,,,,,,,,,,,,,,,,,,,
HDN 955,SGB,31,,,,,,,,,,,,,,,,,,,,,,,,,,,,,,,,,,,,,,,,
HDN 957,SGB,36,,,,,,,,,,,,,,,,,,,,,,,,,,,,,,,,,,,,,,,,
HDN 958,SGB,23,,,,,,,,,,,,,,,,,,,,,,,,,,,,,,,,,,,,,,,,
HDN 959,SGB,29,,,,,,,,,,,,,,,,,,,,,,,,,,,,,,,,,,,,,,,,
HDN 965,SGB,19,,,,,,,,,,,,,,,,,,,,,,,,,,,,,,,,,,,,,,,,
HDN 967,SGB,24,,,,,,,,,,,,,,,,,,,,,,,,,,,,,,,,,,,,,,,,
HDN 968,SGB,10,,,,,,,,,,,,,,,,,,,,,,,,,,,,,,,,,,,,,,,,
HDN 970,SGB,26,,,,,,,,,,,,,,,,,,,,,,,,,,,,,,,,,,,,,,,,
HDT 817,SGB,,,17,20,14,,,,,,,,,,,,,,,,,,,,,,,,,,,,,,,,,,,,
HJD 813,SGB,,,,,,,,,,,,,,,,,,,,,,,,,,,,,,,,,,0,0,1,4,2,1,,
HJD 819,SGB,,,,,,,,,,,,,,,,,,,,,,,,,,,,,,,,,,0,7,8,6,4,2,,
HJN 015,SGB,,,,,,,,,,6,7,,,,,,,,,,,,,,,,,,,,,,,,,,,,,,
HJN 016,SGB,,,,21,5,,,,,,,,,,,,,,,,,,,,,,,,,,,,,,,,,,,,
HJN 017,SGB,,,,10,7,,,,,,,,,,,,,,,,,,,,,,,,,,,,,,,,,,,,
HJN 018,SGB,,,,11,12,,,,,,,,,,,,,,,,,,,,,,,,,,,,,,,,,,,,
HJR 902,SGB,,,,,,,,,,,,,,,,,,,,,,,,,,,,,,,,,,0,3,0,0,0,0,,
HJR 903,SGB,,,,,,,,,,,,,,,,,,,,,,,,,,,,,,,,,,2,3,3,2,4,4,,
HJR 904,SGB,,,,,,,,,,,,,,,,,,,,,,,,,,,,,,,,,,4,4,5,5,6,4,,
HJR 906,SGB,,,,,,,,,,,,,,,,,,,,,,,,,,,,,,,,,,3,4,4,3,5,3,,
HJR 907,SGB,,,,,,,,,,,,,,,,,,,,,,,,,,,,,,,,,,3,6,4,5,6,4,,
HJR 909,SGB,,,,,,,,,,,,,,,,,,,,,,,,,,,,,,,,,,1,3,4,1,1,4,,
HJR 910,SGB,,,,,,,,,,,,,,,,,,,,,,,,,,,,,,,,,,4,3,5,6,6,3,,
HJS 960,SGB,12,,,,,,,,,,,,,,,,,,,,,,,,,,,,,,,,,,,,,,,,
HJS 962,SGB,,,10,14,,,,,,,,,,,,,,,,,,,,,,,,,,,,,,,,,,,,,
HJS 963,SGB,,,25,8,,,,,,,,,,,,,,,,,,,,,,,,,,,,,,,,,,,,,
HJS 964,SGB,,,,14,27,,,,,,,,,,,,,,,,,,,,,,,,,,,,,,,,,,,,
HNS 212,SGB,,,6,12,13,,,,,,,,,,,,,,,,,,,,,,,,,,,,,,,,,,,,
HNS 213,SGB,,,6,11,7,,,,,,,,,,,,,,,,,,,,,,,,,,,,,,,,,,,,
HNS 917,SGB,,,10,7,12,,,,,,,,,,,,,,,,,,,,,,,,,,,,,,,,,,,,
HNS 919,SGB,,,4,6,12,,,,,,,,,,,,,,,,,,,,,,,,,,,,,,,,,,,,
HNS 923,SGB,,,6,5,4,,,,,,,,,,,,,,,,,,,,,,,,,,,,,,,,,,,,
HNS 924,SGB,,,10,14,14,,,,,,,,,,,,,,,,,,,,,,,,,,,,,,,,,,,,
HOB 110,SGB,,,,,,,,,,,,,,,,,,,,,,,,,,,,,,,,5,10,10,9,6,,,,,
HOB 111,SGB,,,,,,,,,,,,,,,,,,,,,,,,,,,,,,,,6,6,6,8,7,,,,,
HRA 330,SGB,,,,,,,,,,,,,,,,,,,,,,,,,,,,,,,,4,4,3,5,2,,,,,
HRD 372,SGB,1,,,,,,,,,,,,,,,,,,,,,,,,,,,,,,,,,,,,,,,,
HRI 480,SGB,16,,,,,,,,,,,,,,,,,,,,,,,,,,,,,,,,,,,,,,,,
HRI 486,SGB,21,,,,,,,,,,,,,,,,,,,,,,,,,,,,,,,,,,,,,,,,
HRI 487,SGB,31,,,,,,,,,,,,,,,,,,,,,,,,,,,,,,,,,,,,,,,,
HRM 310,SGB,43,,,,,,,,,,,,,,,,,,,,,,,,,,,,,,,,,,,,,,,,
HRM 311,SGB,37,,,,,,,,,,,,,,,,,,,,,,,,,,,,,,,,,,,,,,,,
HRM 312,SGB,29,,,,,,,,,,,,,,,,,,,,,,,,,,,,,,,,,,,,,,,,
HRM 313,SGB,24,,,,,,,,,,,,,,,,,,,,,,,,,,,,,,,,,,,,,,,,
HRM 314,SGB,22,,,,,,,,,,,,,,,,,,,,,,,,,,,,,,,,,,,,,,,,
HRM 315,SGB,12,,,,,,,,,,,,,,,,,,,,,,,,,,,,,,,,,,,,,,,,
HRM 316,SGB,46,,,,,,,,,,,,,,,,,,,,,,,,,,,,,,,,,,,,,,,,
HRM 317,SGB,17,,,,,,,,,,,,,,,,,,,,,,,,,,,,,,,,,,,,,,,,
HRM 318,SGB,21,,,,,,,,,,,,,,,,,,,,,,,,,,,,,,,,,,,,,,,,
HRM 319,SGB,49,,,,,,,,,,,,,,,,,,,,,,,,,,,,,,,,,,,,,,,,
HRM 320,SGB,21,,,,,,,,,,,,,,,,,,,,,,,,,,,,,,,,,,,,,,,,
HSJ 005,SGB,,,17,15,3,,,,,,,,,,,,,,,,,,,,,,,,,,,,,,,,,,,,
HSJ 006,SGB,,,4,3,2,,,,,,,,,,,,,,,,,,,,,,,,,,,,,,,,,,,,
HSJ 013,SGB,,,14,16,17,,,,,,,,,,,,,,,,,,,,,,,,,,,,,,,,,,,,
HSJ 023,SGB,,,13,4,4,,,,,,,,,,,,,,,,,,,,,,,,,,,,,,,,,,,,
HSJ 044,SGB,,,2,10,11,,,,,,,,,,,,,,,,,,,,,,,,,,,,,,,,,,,,
HSJ 045,SGB,,,0,9,15,,,,,,,,,,,,,,,,,,,,,,,,,,,,,,,,,,,,
HSJ 046,SGB,,,14,7,8,,,,,,,,,,,,,,,,,,,,,,,,,,,,,,,,,,,,
HSJ 053,SGB,,,4,12,4,,,,,,,,,,,,,,,,,,,,,,,,,,,,,,,,,,,,
HSJ 054,SGB,,,7,25,21,,,,,,,,,,,,,,,,,,,,,,,,,,,,,,,,,,,,
HSJ 058,SGB,,,23,13,8,,,,,,,,,,,,,,,,,,,,,,,,,,,,,,,,,,,,
HSJ 059,SGB,,,6,10,10,,,,,,,,,,,,,,,,,,,,,,,,,,,,,,,,,,,,
HSJ 060,SGB,,,9,12,15,,,,,,,,,,,,,,,,,,,,,,,,,,,,,,,,,,,,
IDR 414,SGB,,,,,,,,,,,,,,,,,,,,,,,,,,,,,,,,,,6,6,5,4,6,8,,
IDR 922,SGB,,,,,,,,,,,,,,,,,,,,,,,,,,,,,,,,,,3,4,7,7,6,3,,
IDR 923,SGB,,,,,,,,,,,,,,,,,,,,,,,,,,,,,,,,,,4,4,6,7,7,3,,
IDR 924,SGB,,,,,,,,,,,,,,,,,,,,,,,,,,,,,,,,,,3,4,5,6,5,4,,
IDR 926,SGB,,,,,,,,,,,,,,,,,,,,,,,,,,,,,,,,,,3,4,2,1,4,4,,
IDR 927,SGB,,,,,,,,,,,,,,,,,,,,,,,,,,,,,,,,,,2,3,5,2,2,3,,
IMN 414,SGB,,,,,,,,,,,,,,,,,,,,,,,,,,,,,,,,1,8,6,4,4,,,,,
IMN 419,SGB,,,,,,,,,,,,,,,,,,,,,,,,,,,,,,,,5,5,4,0,4,,,,,
IMN 421,SGB,,,,,,,,,,,,,,,,,,,,,,,,,,,,,,,,5,4,4,6,4,,,,,
IMN 422,SGB,,,,,,,,,,,,,,,,,,,,,,,,,,,,,,,,7,4,2,3,5,,,,,
IMN 423,SGB,,,,,,,,,,,,,,,,,,,,,,,,,,,,,,,,3,4,2,4,1,,,,,
IMN 424,SGB,,,,,,,,,,,,,,,,,,,,,,,,,,,,,,,,3,3,3,4,3,,,,,
IMS 123,SGB,,,22,7,,,,,,,,,,,,,,,,,,,,,,,,,,,,,,,,,,,,,
IRF 553,SGB,,,12,10,,,,,,,,,,,,,,,,,,,,,,,,,,,,,,,,,,,,,
IRF 554,SGB,,,18,12,,,,,,,,,,,,,,,,,,,,,,,,,,,,,,,,,,,,,
IRF 555,SGB,,,19,14,,,,,,,,,,,,,,,,,,,,,,,,,,,,,,,,,,,,,
IRF 558,SGB,,,8,12,18,,,,,,,,,,,,,,,,,,,,,,,,,,,,,,,,,,,,
IRF 561,SGB,,,36,38,14,,,,,,,,,,,,,,,,,,,,,,,,,,,,,,,,,,,,
IRF 562,SGB,,,16,13,5,,,,,,,,,,,,,,,,,,,,,,,,,,,,,,,,,,,,
IRF 563,SGB,,,17,17,17,,,,,,,,,,,,,,,,,,,,,,,,,,,,,,,,,,,,
IRF 564,SGB,,,17,17,15,,,,,,,,,,,,,,,,,,,,,,,,,,,,,,,,,,,,
IRF 726,SGB,,,11,14,,,,,,,,,,,,,,,,,,,,,,,,,,,,,,,,,,,,,
ISL 003,SGB,,,13,11,,,,,,,,,,,,,,,,,,,,,,,,,,,,,,,,,,,,,
ISL 011,SGB,3,,,,,,,,,,,,,,,,,,,,,,,,,,,,,,,,,,,,,,,,
ISL 183,SGB,,,10,0,,,,,,,,,,,,,,,,,,,,,,,,,,,,,,,,,,,,,
ISL 205,SGB,,,,5,9,,,,,,,,,,,,,,,,,,,,,,,,,,,,,,,,,,,,
ISL 836,SGB,,,5,11,12,,,,,,,,,,,,,,,,,,,,,,,,,,,,,,,,,,,,
ISL 837,SGB,,,13,11,8,,,,,,,,,,,,,,,,,,,,,,,,,,,,,,,,,,,,
ISL 867,SGB,,,15,8,10,,,,,,,,,,,,,,,,,,,,,,,,,,,,,,,,,,,,
ISL 868,SGB,,,13,12,16,,,,,,,,,,,,,,,,,,,,,,,,,,,,,,,,,,,,
ISL 877,SGB,,,19,11,14,4,,,,,,,,,,,,,,,,,,,,,,,,,,,,,,,,,,,
ISL 878,SGB,,,14,17,17,5,,,,,,,,,,,,,,,,,,,,,,,,,,,,,,,,,,,
ISL 879,SGB,,,8,8,15,20,,,,,,,,,,,,,,,,,,,,,,,,,,,,,,,,,,,
ISL 893,SGB,,,29,22,,,,,,,,,,,,,,,,,,,,,,,,,,,,,,,,,,,,,
ISL 894,SGB,,,7,7,,,,,,,,,,,,,,,,,,,,,,,,,,,,,,,,,,,,,
ISL 899,SGB,,,10,22,,,,,,,,,,,,,,,,,,,,,,,,,,,,,,,,,,,,,
ISL 905,SGB,,,18,22,,,,,,,,,,,,,,,,,,,,,,,,,,,,,,,,,,,,,
ISL 927,SGB,,,7,11,,,,,,,,,,,,,,,,,,,,,,,,,,,,,,,,,,,,,
ISL 928,SGB,,,9,18,,,,,,,,,,,,,,,,,,,,,,,,,,,,,,,,,,,,,
ISL 939,SGB,,,6,17,17,,,,,,,,,,,,,,,,,,,,,,,,,,,,,,,,,,,,
ISL 943,SGB,,,20,18,,,,,,,,,,,,,,,,,,,,,,,,,,,,,,,,,,,,,
ISL 950,SGB,,,18,14,,,,,,,,,,,,,,,,,,,,,,,,,,,,,,,,,,,,,
ISL 951,SGB,,,15,19,,,,,,,,,,,,,,,,,,,,,,,,,,,,,,,,,,,,,
ISL 952,SGB,,15,9,16,,,,,,,,,,,,,,,,,,,,,,,,,,,,,,,,,,,,,
ISL 953,SGB,,11,18,17,,,,,,,,,,,,,,,,,,,,,,,,,,,,,,,,,,,,,
ISL 954,SGB,,9,10,3,,,,,,,,,,,,,,,,,,,,,,,,,,,,,,,,,,,,,
ISL 955,SGB,,5,21,22,,,,,,,,,,,,,,,,,,,,,,,,,,,,,,,,,,,,,
ISL 956,SGB,,,15,14,11,,,,,,,,,,,,,,,,,,,,,,,,,,,,,,,,,,,,
ISL 957,SGB,,,13,12,,,,,,,,,,,,,,,,,,,,,,,,,,,,,,,,,,,,,
ISL 958,SGB,,,14,17,,,,,,,,,,,,,,,,,,,,,,,,,,,,,,,,,,,,,
ISL 959,SGB,,,17,16,,,,,,,,,,,,,,,,,,,,,,,,,,,,,,,,,,,,,
ISL 960,SGB,,,16,18,,,,,,,,,,,,,,,,,,,,,,,,,,,,,,,,,,,,,
ISL 961,SGB,,,9,11,10,,,,,,,,,,,,,,,,,,,,,,,,,,,,,,,,,,,,
ISL 962,SGB,,,9,10,11,,,,,,,,,,,,,,,,,,,,,,,,,,,,,,,,,,,,
ISL 963,SGB,,,21,20,17,,,,,,,,,,,,,,,,,,,,,,,,,,,,,,,,,,,,
ISL 964,SGB,,,17,13,15,,,,,,,,,,,,,,,,,,,,,,,,,,,,,,,,,,,,
ISL 965,SGB,,,20,13,17,,,,,,,,,,,,,,,,,,,,,,,,,,,,,,,,,,,,
ISL 966,SGB,,,8,10,,,,,,,,,,,,,,,,,,,,,,,,,,,,,,,,,,,,,
ISL 967,SGB,,,14,14,,,,,,,,,,,,,,,,,,,,,,,,,,,,,,,,,,,,,
ISL 968,SGB,,,18,20,,,,,,,,,,,,,,,,,,,,,,,,,,,,,,,,,,,,,
ISL 969,SGB,,,22,21,20,,,,,,,,,,,,,,,,,,,,,,,,,,,,,,,,,,,,
ISL 970,SGB,,,2,5,8,,,,,,,,,,,,,,,,,,,,,,,,,,,,,,,,,,,,
ISL 971,SGB,,,11,11,11,,,,,,,,,,,,,,,,,,,,,,,,,,,,,,,,,,,,
ISL 972,SGB,,,15,10,11,,,,,,,,,,,,,,,,,,,,,,,,,,,,,,,,,,,,
ISL 973,SGB,,,17,19,13,,,,,,,,,,,,,,,,,,,,,,,,,,,,,,,,,,,,
ISL 974,SGB,,,20,8,14,,,,,,,,,,,,,,,,,,,,,,,,,,,,,,,,,,,,
ISL 975,SGB,,,18,10,16,,,,,,,,,,,,,,,,,,,,,,,,,,,,,,,,,,,,
ISR 852,SGB,,,12,15,1,,,,,,,,,,,,,,,,,,,,,,,,,,,,,,,,,,,,
ISR 936,SGB,,,14,14,3,,,,,,,,,,,,,,,,,,,,,,,,,,,,,,,,,,,,
ISS 049,SGB,,,,,,,,,,,,,,,,,,,,,,,,,,,,,,,,3,4,3,5,5,,,,,
ISS 051,SGB,,,,,,,,,,,,,,,,,,,,,,,,,,,1,3,5,4,3,5,,,,,,,,,
ISS 053,SGB,,,,,,,,,,,,,,,,,,,,,,,,,,,6,4,2,4,4,,,,,,,,,,
ISS 054,SGB,,,,,,,,,,,,,,,,,,,,,,,,,,,5,7,8,7,5,,,,,,,,,,
ISS 055,SGB,,,,,,,,,,,,,,,,,,,,,,,,,,,5,4,1,1,4,,,,,,,,,,
ISS 058,SGB,,,,,,,,,,,,,,,,,,,,,,,,,,,1,1,5,5,4,,,,,,,,,,
ISS 059,SGB,,,,,,,,,,,,,,,,,,,,,,,,,,,0,1,1,3,1,,,,,,,,,,
ISS 060,BIRKOM,,,,,,,,,,,,,,,,,,,,,,,,,,,1,3,4,5,1,,,,,,,,,,
ISS 061,SGB,,,,,,,,,,,,,,,,,,,,,,,,,,,3,5,2,4,2,,,,,,,,,,
ISS 062,SGB,,,,,,,,,,,,,,,,,,,,,,,,,,,5,1,3,4,0,,,,,,,,,,
IWN 810,SGB,,,,,,,,,,,,,,,,,,,,,,,,,,,,,,,,7,10,8,6,3,,,,,
IWN 811,SGB,,,,,,,,,,,,,,,,,,,,,,,,,,,,,,,,4,2,6,7,2,,,,,
IWN 813,SGB,,,,,,,,,,,,,,,,,,,,,,,,,,,,,,,,3,5,6,6,3,,,,,
IWN 814,SGB,,,,,,,,,,,,,,,,,,,,,,,,,,,,,,,,2,6,5,4,9,,,,,
IWN 815,SGB,,,,,,,,,,,,,,,,,,,,,,,,,,,,,,,,2,5,4,2,2,,,,,
IWN 816,SGB,,,,,,,,,,,,,,,,,,,,,,,,,,,,,,,,3,6,4,3,2,,,,,
JAD 701,SGB,,,,,,,,,,,,,,,,,,,,,,,,,,,,,,,,,,3,6,8,8,5,4,,
JAD 703,SGB,,,,,,,,,,,,,,,,,,,,,,,,,,,,,,,,,,4,4,4,4,3,3,,
JAO 300,SGB,40,,,,,,,,,,,,,,,,,,,,,,,,,,,,,,,,,,,,,,,,
JAO 700,SGB,40,,,,,,,,,,,,,,,,,,,,,,,,,,,,,,,,,,,,,,,,
JAO 701,SGB,9,,,,,,,,,,,,,,,,,,,,,,,,,,,,,,,,,,,,,,,,
JAO 702,SGB,14,,,,,,,,,,,,,,,,,,,,,,,,,,,,,,,,,,,,,,,,
JAO 703,SGB,17,,,,,,,,,,,,,,,,,,,,,,,,,,,,,,,,,,,,,,,,
JAO 704,PTH,31,,,,,,,,,,,,,,,,,,,,,,,,,,,,,,,,,,,,,,,,
JAO 705,CKL,40,,,,,,,,,,,,,,,,,,,,,,,,,,,,,,,,,,,,,,,,
JAO 706,CKLKOM,20,,,,,,,,,,,,,,,,,,,,,,,,,,,,,,,,,,,,,,,,
JDI 500,SGB,20,,,,,,,,,,,,,,,,,,,,,,,,,,,,,,,,,,,,,,,,
JDI 501,SGB,,,18,13,,,,,,,,,,,,,,,,,,,,,,,,,,,,,,,,,,,,,
JDN 277,SGB,26,,,,,,,,,,,,,,,,,,,,,,,,,,,,,,,,,,,,,,,,
JDN 278,SGB,31,,,,,,,,,,,,,,,,,,,,,,,,,,,,,,,,,,,,,,,,
JDN 279,SGB,24,,,,,,,,,,,,,,,,,,,,,,,,,,,,,,,,,,,,,,,,
JDN 280,SGB,28,,,,,,,,,,,,,,,,,,,,,,,,,,,,,,,,,,,,,,,,
JDN 283,SGB,0,,,,,,,,,,,,,,,,,,,,,,,,,,,,,,,,,,,,,,,,
JDN 284,SGB,39,,,,,,,,,,,,,,,,,,,,,,,,,,,,,,,,,,,,,,,,
JDN 285,SGB,45,,,,,,,,,,,,,,,,,,,,,,,,,,,,,,,,,,,,,,,,
JIM 424,SGB,34,,,,,,,,,,,,,,,,,,,,,,,,,,,,,,,,,,,,,,,,
JIM 516,SGB,11,,,,,,,,,,,,,,,,,,,,,,,,,,,,,,,,,,,,,,,,
JIM 518,UNG,23,,,,,,,,,,,,,,,,,,,,,,,,,,,,,,,,,,,,,,,,
JIM 519,PTH,26,,,,,,,,,,,,,,,,,,,,,,,,,,,,,,,,,,,,,,,,
JIM 520,KNGORG,22,,,,,,,,,,,,,,,,,,,,,,,,,,,,,,,,,,,,,,,,
JIM 521,SGB,11,,,,,,,,,,,,,,,,,,,,,,,,,,,,,,,,,,,,,,,,
JML 161,SGB,,,,51,25,,,,,,,,,,,,,,,,,,,,,,,,,,,,,,,,,,,,
JML 201,SGB,45,,,,,,,,,,,,,,,,,,,,,,,,,,,,,,,,,,,,,,,,
JML 205,SGB,,,,27,23,,,,,,,,,,,,,,,,,,,,,,,,,,,,,,,,,,,,
JML 206,SGB,46,,,,,,,,,,,,,,,,,,,,,,,,,,,,,,,,,,,,,,,,
JML 212,SGB,,,,8,11,,,,,,,,,,,,,,,,,,,,,,,,,,,,,,,,,,,,
JML 213,SGB,,,,11,9,,,,,,,,,,,,,,,,,,,,,,,,,,,,,,,,,,,,
JML 214,SGB,,,,14,12,,,,,,,,,,,,,,,,,,,,,,,,,,,,,,,,,,,,
JML 215,SGB,,,,15,11,,,,,,,,,,,,,,,,,,,,,,,,,,,,,,,,,,,,
JML 216,SGB,,,,12,12,,,,,,,,,,,,,,,,,,,,,,,,,,,,,,,,,,,,
JNE 426,SGB,46,,,,,,,,,,,,,,,,,,,,,,,,,,,,,,,,,,,,,,,,
JNE 427,SGB,35,,,,,,,,,,,,,,,,,,,,,,,,,,,,,,,,,,,,,,,,
JNE 428,SGB,18,,,,,,,,,,,,,,,,,,,,,,,,,,,,,,,,,,,,,,,,
JNE 429,SGB,46,,,,,,,,,,,,,,,,,,,,,,,,,,,,,,,,,,,,,,,,
JNE 430,SGB,40,,,,,,,,,,,,,,,,,,,,,,,,,,,,,,,,,,,,,,,,
JNE 431,SGB,32,,,,,,,,,,,,,,,,,,,,,,,,,,,,,,,,,,,,,,,,
JNR 403,SGB,37,,,,,,,,,,,,,,,,,,,,,,,,,,,,,,,,,,,,,,,,
JNR 404,SGB,25,,,,,,,,,,,,,,,,,,,,,,,,,,,,,,,,,,,,,,,,
JNR 405,SGB,25,,,,,,,,,,,,,,,,,,,,,,,,,,,,,,,,,,,,,,,,
JNR 406,SGB,41,,,,,,,,,,,,,,,,,,,,,,,,,,,,,,,,,,,,,,,,
JNR 408,SGB,12,,,,,,,,,,,,,,,,,,,,,,,,,,,,,,,,,,,,,,,,
JNR 409,SGB,26,,,,,,,,,,,,,,,,,,,,,,,,,,,,,,,,,,,,,,,,
JNR 716,SGB,29,,,,,,,,,,,,,,,,,,,,,,,,,,,,,,,,,,,,,,,,
JNU 731,SGB,,,,,,,,,,,,,,,,,,,,,,,,,,,,,,,,,,4,4,4,4,5,3,,
JNU 733,SGB,,,,,,,,,,,,,,,,,,,,,,,,,,,,,,,,,,4,6,3,4,4,6,,
JPU 751,SGB,,6,16,9,12,,,,,,,,,,,,,,,,,,,,,,,,,,,,,,,,,,,,
JPU 757,SGB,,5,7,10,12,,,,,,,,,,,,,,,,,,,,,,,,,,,,,,,,,,,,
JPU 758,SGB,,6,11,14,3,,,,,,,,,,,,,,,,,,,,,,,,,,,,,,,,,,,,
JPU 760,SGB,,17,11,11,15,,,,,,,,,,,,,,,,,,,,,,,,,,,,,,,,,,,,
JPU 763,SGB,,10,15,18,9,,,,,,,,,,,,,,,,,,,,,,,,,,,,,,,,,,,,
JPU 765,SGB,,11,13,17,18,,,,,,,,,,,,,,,,,,,,,,,,,,,,,,,,,,,,
JPU 766,SGB,,11,13,16,10,,,,,,,,,,,,,,,,,,,,,,,,,,,,,,,,,,,,
JPU 780,SGB,,,,,,,,,10,4,16,0,,,,,,,,,,,,,,,,,,,,,,,,,,,,,
JPU 784,SGB,,4,0,9,16,,,,,,,,,,,,,,,,,,,,,,,,,,,,,,,,,,,,
JPU 786,SGB,,10,5,2,1,,,,,,,,,,,,,,,,,,,,,,,,,,,,,,,,,,,,
JPU 787,SGB,,,11,8,5,,,,,,,,,,,,,,,,,,,,,,,,,,,,,,,,,,,,
JPU 788,SGB,,,,2,7,,,,,,,,,,,,,,,,,,,,,,,,,,,,,,,,,,,,
JPU 789,SGB,,,,10,17,,,,,,,,,,,,,,,,,,,,,,,,,,,,,,,,,,,,
JRN 111,SGB,,,11,11,,,,,,,,,,,,,,,,,,,,,,,,,,,,,,,,,,,,,
JRN 112,SGB,,,17,16,,,,,,,,,,,,,,,,,,,,,,,,,,,,,,,,,,,,,
JRN 113,SGB,,,,5,88,,,,,,,,,,,,,,,,,,,,,,,,,,,,,,,,,,,,
JRN 114,SGB,,,18,11,,,,,,,,,,,,,,,,,,,,,,,,,,,,,,,,,,,,,
JRN 115,SGB,,,14,14,,,,,,,,,,,,,,,,,,,,,,,,,,,,,,,,,,,,,
JSA 555,SGB,,,,,,,,,,,,,,,,,,,,,,,,,,,,,,,,9,7,9,5,15,,,,,
JSA 556,SGB,,,,,,,,,,,,,,,,,,,,,,,,,,,,,,,,,4,1,7,7,5,7,8,,
JSA 557,SGB,,,,,,,,,,,,,,,,,,,,,,,,,,,,,,,,,,7,6,0,4,6,5,,
JSA 558,SGB,,,,,,,,,,,,,,,,,,,,,,,,,,,,,,,,,4,0,11,6,10,11,2,,
JSA 559,SGB,,,,,,,,,,,,,,,,,,,,,,,,,,,,,,,,,1,4,1,6,7,9,8,,
JSA 560,SGB,,,,,,,,,,,,,,,,,,,,,,,,,,,,,,,,,0,1,7,5,5,5,8,,
JSR 223,SGB,,,0,10,10,,,,,,,,,,,,,,,,,,,,,,,,,,,,,,,,,,,,
JSR 231,SGB,,,18,20,,,,,,,,,,,,,,,,,,,,,,,,,,,,,,,,,,,,,
JSR 233,SGB,,,11,10,10,,,,,,,,,,,,,,,,,,,,,,,,,,,,,,,,,,,,
JSR 234,SGB,,,16,13,15,,,,,,,,,,,,,,,,,,,,,,,,,,,,,,,,,,,,
JSR 235,SGB,,,19,15,18,,,,,,,,,,,,,,,,,,,,,,,,,,,,,,,,,,,,
JSR 237,SGB,,,12,12,8,,,,,,,,,,,,,,,,,,,,,,,,,,,,,,,,,,,,
JSR 238,SGB,,,13,11,14,,,,,,,,,,,,,,,,,,,,,,,,,,,,,,,,,,,,
JSR 239,SGB,,,12,15,11,,,,,,,,,,,,,,,,,,,,,,,,,,,,,,,,,,,,
JSR 240,SGB,,,9,7,10,,,,,,,,,,,,,,,,,,,,,,,,,,,,,,,,,,,,
JSR 241,SGB,,,7,16,13,,,,,,,,,,,,,,,,,,,,,,,,,,,,,,,,,,,,
JSR 242,SGB,,,12,13,9,,,,,,,,,,,,,,,,,,,,,,,,,,,,,,,,,,,,
JSR 243,SGB,,,4,22,16,,,,,,,,,,,,,,,,,,,,,,,,,,,,,,,,,,,,
JSR 244,SGB,,,13,15,14,,,,,,,,,,,,,,,,,,,,,,,,,,,,,,,,,,,,
JSR 245,SGB,,,11,10,7,,,,,,,,,,,,,,,,,,,,,,,,,,,,,,,,,,,,
JSR 246,SGB,,,15,16,15,,,,,,,,,,,,,,,,,,,,,,,,,,,,,,,,,,,,
JSR 247,SGB,,,11,9,12,,,,,,,,,,,,,,,,,,,,,,,,,,,,,,,,,,,,
JSR 374,SGB,,,17,9,10,,,,,,,,,,,,,,,,,,,,,,,,,,,,,,,,,,,,
JSR 952,SGB,,,11,9,10,,,,,,,,,,,,,,,,,,,,,,,,,,,,,,,,,,,,
JSR 957,SGB,,,3,10,3,,,,,,,,,,,,,,,,,,,,,,,,,,,,,,,,,,,,
JSR 958,SGB,,,14,9,10,,,,,,,,,,,,,,,,,,,,,,,,,,,,,,,,,,,,
JSR 959,SGB,,,16,13,8,,,,,,,,,,,,,,,,,,,,,,,,,,,,,,,,,,,,
JSR 960,SGB,,,11,16,6,,,,,,,,,,,,,,,,,,,,,,,,,,,,,,,,,,,,
JSS 234,SGB,8,,,,,,,,,,,,,,,,,,,,,,,,,,,,,,,,,,,,,,,,
JTA 166,SGB,47,,,,,,,,,,,,,,,,,,,,,,,,,,,,,,,,,,,,,,,,
JTA 167,SGB,40,,,,,,,,,,,,,,,,,,,,,,,,,,,,,,,,,,,,,,,,
JTA 169,SGB,14,,,,,,,,,,,,,,,,,,,,,,,,,,,,,,,,,,,,,,,,
JTO 332,SGB,34,,,,,,,,,,,,,,,,,,,,,,,,,,,,,,,,,,,,,,,,
JTO 337,SGB,14,,,,,,,,,,,,,,,,,,,,,,,,,,,,,,,,,,,,,,,,
JTO 338,SGB,13,,,,,,,,,,,,,,,,,,,,,,,,,,,,,,,,,,,,,,,,
JTO 339,SGB,22,,,,,,,,,,,,,,,,,,,,,,,,,,,,,,,,,,,,,,,,
JTO 340,SGB,30,,,,,,,,,,,,,,,,,,,,,,,,,,,,,,,,,,,,,,,,
JUC 343,SGB,,,7,8,,,,,,,,,,,,,,,,,,,,,,,,,,,,,,,,,,,,,
JUC 344,SGB,,,16,8,,,,,,,,,,,,,,,,,,,,,,,,,,,,,,,,,,,,,
JUC 400,SGB,,,23,11,,,,,,,,,,,,,,,,,,,,,,,,,,,,,,,,,,,,,
JUC 407,SGB,,,9,9,,,,,,,,,,,,,,,,,,,,,,,,,,,,,,,,,,,,,
JUC 408,SGB,,,4,10,,,,,,,,,,,,,,,,,,,,,,,,,,,,,,,,,,,,,
JUC 409,SGB,,,17,12,,,,,,,,,,,,,,,,,,,,,,,,,,,,,,,,,,,,,
JUC 410,SGB,,,7,7,,,,,,,,,,,,,,,,,,,,,,,,,,,,,,,,,,,,,
JUC 411,SGB,,,7,6,,,,,,,,,,,,,,,,,,,,,,,,,,,,,,,,,,,,,
KJS 823,SGB,,,,,,,,,,,,,,,,,,,,,,,,,,,,,,,,4,4,7,4,2,,,,,
KJS 824,SGB,,,,,,,,,,,,,,,,,,,,,,,,,,,,,,,,3,3,5,6,4,,,,,
KNR 757,SGB,,,12,9,,,,,,,,,,,,,,,,,,,,,,,,,,,,,,,,,,,,,
KNR 761,SGB,,,29,14,,,,,,,,,,,,,,,,,,,,,,,,,,,,,,,,,,,,,
KNR 762,SGB,,,33,16,,,,,,,,,,,,,,,,,,,,,,,,,,,,,,,,,,,,,
KNR 763,SGB,,,12,11,,,,,,,,,,,,,,,,,,,,,,,,,,,,,,,,,,,,,
KRI 382,SGB,11,,,,,,,,,,,,,,,,,,,,,,,,,,,,,,,,,,,,,,,,
KRI 387,SGB,60,,,,,,,,,,,,,,,,,,,,,,,,,,,,,,,,,,,,,,,,
KRI 388,SGB,2,,,,,,,,,,,,,,,,,,,,,,,,,,,,,,,,,,,,,,,,
KRN 301,SGB,10,,,,,,,,,,,,,,,,,,,,,,,,,,,,,,,,,,,,,,,,
KRN 306,SGB,23,,,,,,,,,,,,,,,,,,,,,,,,,,,,,,,,,,,,,,,,
KRN 307,SGB,56,,,,,,,,,,,,,,,,,,,,,,,,,,,,,,,,,,,,,,,,
KRN 308,SGB,51,,,,,,,,,,,,,,,,,,,,,,,,,,,,,,,,,,,,,,,,
KRN 310,SGB,32,,,,,,,,,,,,,,,,,,,,,,,,,,,,,,,,,,,,,,,,
KRN 311,SGB,36,,,,,,,,,,,,,,,,,,,,,,,,,,,,,,,,,,,,,,,,
LAN 410,SGB,,,,,,,,,,,,,,,,,,,,,,,,,,,,,,,,,,4,4,3,5,4,4,,
LAN 411,SGB,,,,,,,,,,,,,,,,,,,,,,,,,,,,,,,,,,4,4,1,5,3,3,,
LAN 412,SGB,,,,,,,,,,,,,,,,,,,,,,,,,,,,,,,,,,1,4,4,4,4,3,,
LAN 413,SGB,,,,,,,,,,,,,,,,,,,,,,,,,,,,,,,,,,2,3,-1,3,6,2,,
LAN 415,SGB,,,,,,,,,,,,,,,,,,,,,,,,,,,,,,,,,,5,5,6,5,5,3,,
LLS 991,SGB,,,7,8,9,,,,,,,,,,,,,,,,,,,,,,,,,,,,,,,,,,,,
LLS 992,SGB,,,11,10,12,,,,,,,,,,,,,,,,,,,,,,,,,,,,,,,,,,,,
LLS 993,SGB,,,13,10,15,,,,,,,,,,,,,,,,,,,,,,,,,,,,,,,,,,,,
LLS 994,SGB,,,11,14,14,,,,,,,,,,,,,,,,,,,,,,,,,,,,,,,,,,,,
MLY 321,SGB,,,,,,,,,,,,,,,,,,,,,,,,,,,,,,,,1,5,5,7,5,,,,,
MLY 323,SGB,,,,,,,,,,,,,,,,,,,,,,,,,,,,,,,,2,4,4,3,4,,,,,
MMT 213,SGB,,,8,17,6,,,,,,,,,,,,,,,,,,,,,,,,,,,,,,,,,,,,
MMT 214,SGB,,,11,10,11,,,,,,,,,,,,,,,,,,,,,,,,,,,,,,,,,,,,
MMT 271,SGB,,,14,13,8,,,,,,,,,,,,,,,,,,,,,,,,,,,,,,,,,,,,
MMT 471,CKL,,,16,13,15,,,,,,,,,,,,,,,,,,,,,,,,,,,,,,,,,,,,
MMT 472,CKL,,,29,16,13,,,,,,,,,,,,,,,,,,,,,,,,,,,,,,,,,,,,
MMT 794,HTM,,,18,22,16,,,,,,,,,,,,,,,,,,,,,,,,,,,,,,,,,,,,
MMT 795,HTM,,,21,13,14,,,,,,,,,,,,,,,,,,,,,,,,,,,,,,,,,,,,
MMT 796,UNG,,,17,13,13,,,,,,,,,,,,,,,,,,,,,,,,,,,,,,,,,,,,
MMT 797,SGB,,,11,13,8,,,,,,,,,,,,,,,,,,,,,,,,,,,,,,,,,,,,
MMT 798,HTM,,,8,11,12,,,,,,,,,,,,,,,,,,,,,,,,,,,,,,,,,,,,
MMT 841,SGB,,,18,7,10,,,,,,,,,,,,,,,,,,,,,,,,,,,,,,,,,,,,
MMT 842,SGB,,,13,18,9,,,,,,,,,,,,,,,,,,,,,,,,,,,,,,,,,,,,
MMT 844,SGB,,,17,12,12,,,,,,,,,,,,,,,,,,,,,,,,,,,,,,,,,,,,
MMT 845,SGB,,,8,13,10,,,,,,,,,,,,,,,,,,,,,,,,,,,,,,,,,,,,
MMT 846,SGB,,,13,8,9,,,,,,,,,,,,,,,,,,,,,,,,,,,,,,,,,,,,
MMT 847,SGB,,,6,15,13,,,,,,,,,,,,,,,,,,,,,,,,,,,,,,,,,,,,
MMT 848,SGB,,,10,7,10,,,,,,,,,,,,,,,,,,,,,,,,,,,,,,,,,,,,
MMT 849,MRN,,,12,11,11,,,,,,,,,,,,,,,,,,,,,,,,,,,,,,,,,,,,
MMT 850,MRN,,,11,12,10,,,,,,,,,,,,,,,,,,,,,,,,,,,,,,,,,,,,
MOY 006,SGB,,,15,15,,,,,,,,,,,,,,,,,,,,,,,,,,,,,,,,,,,,,
MOY 013,SGB,,,14,13,,,,,,,,,,,,,,,,,,,,,,,,,,,,,,,,,,,,,
MOY 557,SGB,,,3,20,,,,,,,,,,,,,,,,,,,,,,,,,,,,,,,,,,,,,
MOY 797,SGB,,,12,16,,,,,,,,,,,,,,,,,,,,,,,,,,,,,,,,,,,,,
MOY 799,SGB,,,29,22,,,,,,,,,,,,,,,,,,,,,,,,,,,,,,,,,,,,,
MOY 800,SGB,,,8,8,22,,,,,,,,,,,,,,,,,,,,,,,,,,,,,,,,,,,,
MOY 802,SGB,,,15,12,,,,,,,,,,,,,,,,,,,,,,,,,,,,,,,,,,,,,
MOY 804,SGB,20,,,,,,,,,,,,,,,,,,,,,,,,,,,,,,,,,,,,,,,,
MOY 811,SGB,44,,,,,,,,,,,,,,,,,,,,,,,,,,,,,,,,,,,,,,,,
MOY 813,SGB,5,,,,,,,,,,,,,,,,,,,,,,,,,,,,,,,,,,,,,,,,
MOY 814,SGB,26,,,,,,,,,,,,,,,,,,,,,,,,,,,,,,,,,,,,,,,,
MOY 815,SGB,,,,,,,,,,7,19,,,,,,,,,,,,,,,,,,,,,,,,,,,,,,
MOY 816,SGB,41,,,,,,,,,,,,,,,,,,,,,,,,,,,,,,,,,,,,,,,,
MOY 817,SGB,,,,2,0,,,,,,,,,,,,,,,,,,,,,,,,,,,,,,,,,,,,
MOY 818,SGB,,,,15,14,,,,,,,,,,,,,,,,,,,,,,,,,,,,,,,,,,,,
MOY 819,SGB,,,,13,15,,,,,,,,,,,,,,,,,,,,,,,,,,,,,,,,,,,,
MOY 820,SGB,,,5,13,,,,,,,,,,,,,,,,,,,,,,,,,,,,,,,,,,,,,
MQI 140,SGB,,,30,34,,,,,,,,,,,,,,,,,,,,,,,,,,,,,,,,,,,,,
MQI 148,SGB,,,9,5,,,,,,,,,,,,,,,,,,,,,,,,,,,,,,,,,,,,,
MQI 176,SGB,,,8,8,,,,,,,,,,,,,,,,,,,,,,,,,,,,,,,,,,,,,
MQI 177,SGB,,,12,13,,,,,,,,,,,,,,,,,,,,,,,,,,,,,,,,,,,,,
MQI 992,SGB,,,14,12,,,,,,,,,,,,,,,,,,,,,,,,,,,,,,,,,,,,,
MQI 994,SGB,,,13,14,,,,,,,,,,,,,,,,,,,,,,,,,,,,,,,,,,,,,
MQI 995,SGB,,,15,16,,,,,,,,,,,,,,,,,,,,,,,,,,,,,,,,,,,,,
MRJ 210,SGB,,,6,4,6,,,,,,,,,,,,,,,,,,,,,,,,,,,,,,,,,,,,
MRJ 211,SGB,,,1,1,2,,,,,,,,,,,,,,,,,,,,,,,,,,,,,,,,,,,,
NDA 509,SGB,,,6,9,7,,,,,,,,,,,,,,,,,,,,,,,,,,,,,,,,,,,,
NDA 988,SGB,,,0,12,12,,,,,,,,,,,,,,,,,,,,,,,,,,,,,,,,,,,,
NDA 989,SGB,,,10,16,12,,,,,,,,,,,,,,,,,,,,,,,,,,,,,,,,,,,,
NDA 990,SGB,18,,,,,,,,,,,,,,,,,,,,,,,,,,,,,,,,,,,,,,,,
NDA 991,SGB,38,,,,,,,,,,,,,,,,,,,,,,,,,,,,,,,,,,,,,,,,
NEG 579,SGB,22,,,,,,,,,,,,,,,,,,,,,,,,,,,,,,,,,,,,,,,,
NEG 584,SGB,30,,,,,,,,,,,,,,,,,,,,,,,,,,,,,,,,,,,,,,,,
OPK 340,SGB,,,,,,,,,,,,,,,,,,,,,,,,,,,,,,,,,,4,3,3,3,5,3,,
OPK 341,SGB,,,,,,,,,,,,,,,,,,,,,,,,,,,,,,,,,,4,3,4,2,1,2,,
OPN 352,SGB,,,8,10,10,,,,,,,,,,,,,,,,,,,,,,,,,,,,,,,,,,,,
OPN 356,SGB,,,1,6,2,,,,,,,,,,,,,,,,,,,,,,,,,,,,,,,,,,,,
OPN 357,SGB,,,13,10,6,,,,,,,,,,,,,,,,,,,,,,,,,,,,,,,,,,,,
OPN 358,SGB,,,,,,,12,19,19,,,,,,,,,,,,,,,,,,,,,,,,,,,,,,,,
OPN 359,SGB,,,,,,,13,24,21,,,,,,,,,,,,,,,,,,,,,,,,,,,,,,,,
OPN 361,SGB,,,,,,,11,16,20,,,,,,,,,,,,,,,,,,,,,,,,,,,,,,,,
OPN 362,SGB,,,,,,,2,0,3,,,,,,,,,,,,,,,,,,,,,,,,,,,,,,,,
OPN 363,SGB,,,,,,,5,4,3,,,,,,,,,,,,,,,,,,,,,,,,,,,,,,,,
OPN 364,SGB,,,,,,,18,13,16,,,,,,,,,,,,,,,,,,,,,,,,,,,,,,,,
OPN 365,SGB,,,,,,,19,2,9,,,,,,,,,,,,,,,,,,,,,,,,,,,,,,,,
OPN 366,SGB,,,,,,,3,10,10,,,,,,,,,,,,,,,,,,,,,,,,,,,,,,,,
OPN 367,SGB,,,,,,,12,11,10,,,,,,,,,,,,,,,,,,,,,,,,,,,,,,,,
OPN 368,SGB,,,,,,,8,9,5,,,,,,,,,,,,,,,,,,,,,,,,,,,,,,,,
OPN 369,SGB,,,,,,,11,11,9,,,,,,,,,,,,,,,,,,,,,,,,,,,,,,,,
OPN 370,SGB,,,,,,,6,11,8,,,,,,,,,,,,,,,,,,,,,,,,,,,,,,,,
OTS 138,SGB,,,14,6,10,,,,,,,,,,,,,,,,,,,,,,,,,,,,,,,,,,,,
PIN 350,SGB,28,,,,,,,,,,,,,,,,,,,,,,,,,,,,,,,,,,,,,,,,
PIN 368,SGB,16,,,,,,,,,,,,,,,,,,,,,,,,,,,,,,,,,,,,,,,,
PIN 376,SGB,,,,8,6,,,,,,,,,,,,,,,,,,,,,,,,,,,,,,,,,,,,
PIN 377,SGB,7,,,,,,,,,,,,,,,,,,,,,,,,,,,,,,,,,,,,,,,,
PIN 378,SGB,,,6,4,,,,,,,,,,,,,,,,,,,,,,,,,,,,,,,,,,,,,
RAN 110,SGB,59,,,,,,,,,,,,,,,,,,,,,,,,,,,,,,,,,,,,,,,,
RAN 111,SGB,56,,,,,,,,,,,,,,,,,,,,,,,,,,,,,,,,,,,,,,,,
RAN 112,SGB,54,,,,,,,,,,,,,,,,,,,,,,,,,,,,,,,,,,,,,,,,
RDW 721,SGB,,,,,,,,,,,,,,,,,,,,,,,,,,,,,,,,,,1,2,4,6,2,1,,
RDW 723,SGB,,,,,,,,,,,,,,,,,,,,,,,,,,,,,,,,,,3,3,5,5,2,6,,
RDW 724,SGB,,,,,,,,,,,,,,,,,,,,,,,,,,,,,,,,,,5,3,0,6,4,6,,
RDW 726,SGB,,,,,,,,,,,,,,,,,,,,,,,,,,,,,,,,,,5,3,5,6,4,4,,
RDW 727,SGB,,,,,,,,,,,,,,,,,,,,,,,,,,,,,,,,,,3,3,5,3,1,4,,
RHT 234,SGB,,,,,,,,,,,,,,,,,,,,,,,,,,,,,,,,2,4,1,3,1,,,,,
RHT 235,SGB,,,,,,,,,,,,,,,,,,,,,,,,,,,,,,,,2,5,3,5,1,,,,,
RHT 236,SGB,,,,,,,,,,,,,,,,,,,,,,,,,,,,,,,,4,1,3,2,1,,,,,
RIK 230,SGB,40,,,,,,,,,,,,,,,,,,,,,,,,,,,,,,,,,,,,,,,,
RIK 231,SGB,26,,,,,,,,,,,,,,,,,,,,,,,,,,,,,,,,,,,,,,,,
RIK 233,SGB,20,,,,,,,,,,,,,,,,,,,,,,,,,,,,,,,,,,,,,,,,
RIK 235,SGB,24,,,,,,,,,,,,,,,,,,,,,,,,,,,,,,,,,,,,,,,,
RIK 236,SGB,32,,,,,,,,,,,,,,,,,,,,,,,,,,,,,,,,,,,,,,,,
RKY 202,SGB,,,7,3,5,,,,,,,,,,,,,,,,,,,,,,,,,,,,,,,,,,,,
RKY 203,SGB,,,8,12,11,,,,,,,,,,,,,,,,,,,,,,,,,,,,,,,,,,,,
RNR 778,SGB,,,7,8,12,,,,,,,,,,,,,,,,,,,,,,,,,,,,,,,,,,,,
RNR 780,SGB,,,11,13,4,,,,,,,,,,,,,,,,,,,,,,,,,,,,,,,,,,,,
RNR 781,SGB,,,9,10,11,,,,,,,,,,,,,,,,,,,,,,,,,,,,,,,,,,,,
RTN 900,SGB,64,,,,,,,,,,,,,,,,,,,,,,,,,,,,,,,,,,,,,,,,
RTN 901,SGB,49,,,,,,,,,,,,,,,,,,,,,,,,,,,,,,,,,,,,,,,,
SDK 250,SGB,1,,,,,,,,,,,,,,,,,,,,,,,,,,,,,,,,,,,,,,,,
SDK 252,SGB,35,,,,,,,,,,,,,,,,,,,,,,,,,,,,,,,,,,,,,,,,
SHN 380,SGB,,,,,,,,,,,,,,,,,,,,,,,,,,,,,,,,3,4,4,5,4,,,,,
SHN 381,SGB,,,,,,,,,,,,,,,,,,,,,,,,,,,,,,,,3,4,5,4,5,,,,,
SHN 382,SGB,,,,,,,,,,,,,,,,,,,,,,,,,,,,,,,,2,5,3,4,5,,,,,
SKR 164,SGB,14,,,,,,,,,,,,,,,,,,,,,,,,,,,,,,,,,,,,,,,,
SKR 168,SGB,30,,,,,,,,,,,,,,,,,,,,,,,,,,,,,,,,,,,,,,,,
SND 110,SGB,,,,,,,,,,,,,,,,,,,,,,,,,,,,,,,,,,2,4,1,1,4,4,,
SND 111,SGB,,,,,,,,,,,,,,,,,,,,,,,,,,,,,,,,,,4,3,2,4,3,3,,
SND 112,SGB,,,,,,,,,,,,,,,,,,,,,,,,,,,,,,,,,,2,4,3,5,6,4,,
SND 113,SGB,,,,,,,,,,,,,,,,,,,,,,,,,,,,,,,,,,4,3,5,4,3,4,,
SND 114,SGB,,,,,,,,,,,,,,,,,,,,,,,,,,,,,,,,,,2,2,4,5,2,4,,
SND 115,SGB,,,,,,,,,,,,,,,,,,,,,,,,,,,,,,,,,,3,3,0,2,1,0,,
STM 060,BIR,24,,,,,,,,,,,,,,,,,,,,,,,,,,,,,,,,,,,,,,,,
TAN 223,SGB,,,,,,,,,,,,,,,,,,,,,,,,,,,,,,,,7,7,6,5,4,,,,,
TAN 224,SGB,,,,,,,,,,,,,,,,,,,,,,,,,,,,,,,,3,7,5,3,5,,,,,
TOM 017,SGB,56,,,,,,,,,,,,,,,,,,,,,,,,,,,,,,,,,,,,,,,,
TOM 018,SGB,26,,,,,,,,,,,,,,,,,,,,,,,,,,,,,,,,,,,,,,,,
UMN 602,SGB,33,,,,,,,,,,,,,,,,,,,,,,,,,,,,,,,,,,,,,,,,
UMN 603,SGB,0,,,,,,,,,,,,,,,,,,,,,,,,,,,,,,,,,,,,,,,,
UMN 605,SGB,57,,,,,,,,,,,,,,,,,,,,,,,,,,,,,,,,,,,,,,,,
UUS 888,SGB,0,,,,,,,,,,,,,,,,,,,,,,,,,,,,,,,,,,,,,,,,
VIS 149,SGB,37,,,,,,,,,,,,,,,,,,,,,,,,,,,,,,,,,,,,,,,,
VIS 150,SGB,27,,,,,,,,,,,,,,,,,,,,,,,,,,,,,,,,,,,,,,,,
VIS 151,SGB,36,,,,,,,,,,,,,,,,,,,,,,,,,,,,,,,,,,,,,,,,
VIS 152,SGB,38,,,,,,,,,,,,,,,,,,,,,,,,,,,,,,,,,,,,,,,,
WDN 571,SGB,21,,,,,,,,,,,,,,,,,,,,,,,,,,,,,,,,,,,,,,,,
WDN 572,SGB,71,,,,,,,,,,,,,,,,,,,,,,,,,,,,,,,,,,,,,,,,
WDN 574,SGB,7,,,,,,,,,,,,,,,,,,,,,,,,,,,,,,,,,,,,,,,,
WDN 575,SGB,27,,,,,,,,,,,,,,,,,,,,,,,,,,,,,,,,,,,,,,,,
WHY 050,SGB,,,,,,,,,,,,,,,,,,,,,,,,,,,,,,,,,,4,1,1,4,0,1,,
WHY 051,SGB,,,,,,,,,,,,,,,,,,,,,,,,,,,,,,,,,,2,1,1,3,2,3,,
YDI 708,SGB,43,,,,,,,,,,,,,,,,,,,,,,,,,,,,,,,,,,,,,,,,
YDI 709,SGB,31,,,,,,,,,,,,,,,,,,,,,,,,,,,,,,,,,,,,,,,,
YDI 710,SGB,22,,,,,,,,,,,,,,,,,,,,,,,,,,,,,,,,,,,,,,,,
YDI 711,SGB,48,,,,,,,,,,,,,,,,,,,,,,,,,,,,,,,,,,,,,,,,
YOS 201,SGB,,,,,,,,,,,,,,,,,,,,,,,,,,,,,,,,2,3,1,2,1,,,,,
YOS 202,SGB,,,,,,,,,,,,,,,,,,,,,,,,,,,,,,,,3,2,2,4,1,,,,,
YPS 201,SGB,,,,,,,,,,,,,,,,,,,,,,,,,,,,,,,,,,4,3,4,3,2,4,,
YPS 204,SGB,,,,,,,,,,,,,,,,,,,,,,,,,,,,,,,,,,3,4,4,6,6,3,,
YPS 205,SGB,,,,,,,,,,,,,,,,,,,,,,,,,,,,,,,,,,3,4,6,5,7,2,,
ZAM 485,SGB,38,,,,,,,,,,,,,,,,,,,,,,,,,,,,,,,,,,,,,,,,
ZAM 495,SGB,46,,,,,,,,,,,,,,,,,,,,,,,,,,,,,,,,,,,,,,,,
